Country Name,Country Code,Series Name,Series Code,1998 [YR1998],1999 [YR1999],2000 [YR2000],2001 [YR2001],2002 [YR2002],2003 [YR2003],2004 [YR2004],2005 [YR2005],2006 [YR2006],2007 [YR2007],2008 [YR2008],2009 [YR2009],2010 [YR2010],2011 [YR2011],2012 [YR2012],2013 [YR2013],2014 [YR2014],2015 [YR2015],2016 [YR2016],2017 [YR2017],2018 [YR2018],2019 [YR2019],2020 [YR2020],2021 [YR2021],2022 [YR2022]
Argentina,ARG,Adjusted savings: natural resources depletion (% of GNI),NY.ADJ.DRES.GN.ZS,0.654761052154376,1.14016378346391,1.96286045775224,1.59210894580611,4.71143595898171,3.81013615187852,3.92464743905894,4.87655606235618,4.76929043549582,3.93419180078864,4.08991701600495,2.51931091829393,2.5740086921071,3.11822224026598,2.92724755737546,2.53736885423385,2.36142974967484,0.841522144663773,0.662926224788667,0.748123435238101,1.56382369743731,1.66722275063071,0.979578858056912,2.05199483255121,..
Argentina,ARG,GNI (current US$),NY.GNP.MKTP.CD,291542201400,276059280100,276655968900,260969968100,92763789032.7018,122451951871.839,146361588317.154,176153368006.277,224897476611.227,279994211725.862,352615480862.974,322744327792.305,409192468872.686,515009551032.822,533073608485.977,540185748561.537,515532241212.846,583615452086.538,545250717485.872,627200729011.574,506093900950.347,430166720596.329,375535785072.697,477411894672.847,..
Argentina,ARG,Adjusted net national income (current US$),NY.ADJ.NNTY.CD,257718078198.383,240031171641.903,238399675554.473,224968752618.712,75590438007.3152,103448403705.699,124005526472.631,148938243056.375,193236491249.098,243687486346.74,305021774544.565,278180375836.102,353652788044.292,442536187080.218,454254301661.785,460395962371.796,438031034121.621,507308748132.43,473643779848.176,554002069337.642,439587197173.017,370477828048.014,327236387986.867,411983137959.54,..
,,,,,,,,,,,,,,,,,,,,,,,,,,,,
,,,,,,,,,,,,,,,,,,,,,,,,,,,,
,,,,,,,,,,,,,,,,,,,,,,,,,,,,
Data from database: World Development Indicators,,,,,,,,,,,,,,,,,,,,,,,,,,,,
Last Updated: 05/10/2023,,,,,,,,,,,,,,,,,,,,,,,,,,,,
Code,License Type,Indicator Name,Long definition,Source,Topic,Periodicity,Aggregation method,Statistical concept and methodology,Development relevance,Limitations and exceptions,License URL
NY.ADJ.DRES.GN.ZS,CC BY-4.0,Adjusted savings: natural resources depletion (% of GNI),"Natural resource depletion is the sum of net forest depletion, energy depletion, and mineral depletion. Net forest depletion is unit resource rents times the excess of roundwood harvest over natural growth. Energy depletion is the ratio of the value of the stock of energy resources to the remaining reserve lifetime (capped at 25 years). It covers coal, crude oil, and natural gas. Mineral depletion is the ratio of the value of the stock of mineral resources to the remaining reserve lifetime (capped at 25 years). It covers tin, gold, lead, zinc, iron, copper, nickel, silver, bauxite, and phosphate.",World Bank staff estimates based on sources and methods in World Bank's "The Changing Wealth of Nations: Measuring Sustainable Development in the New Millennium" (2011).,Economic Policy & Debt: National accounts: Adjusted savings & income,Annual,Weighted average,"Natural resources depletion is the sum of net forest depletion, energy depletion, and mineral depletion:

Net forest depletion is the product of unit resource rents and the excess of roundwood harvest over natural growth. In a country where incremental growth exceeds wood extraction, net forest depletion would be zero, no matter the absolute volume or value of wood extracted.

Energy depletion is the ratio of the present value of energy resource rents, discounted at 4 percent, to the exhaustion time of the resource (capped at 25 years). Rent is calculated as the product of unit resource rents and the physical quantities of energy resources extracted. It covers hard and soft coal, crude oil, and natural gas.

Mineral depletion is the ratio of the present value of mineral resource rents, discounted at 4 percent, to the exhaustion time of the resource (capped at 25 years). Rent is calculated as the product of unit resource rents and the physical quantities of mineral extracted. It covers tin, gold, lead, zinc, iron, copper, nickel, silver, bauxite, and phosphate.","Natural resources depletion is a critical component in the calculation of adjusted net national income. Adjusted net national income is calculated by subtracting from GNI a charge for the consumption of fixed capital (a calculation that yields net national income) and for the depletion of natural resources. The deduction for the depletion of natural resources, which covers net forest depletion, energy depletion, and mineral depletion, reflects the decline in asset values associated with the extraction and harvest of natural resources - this is analogous to depreciation of fixed assets.","Net forest depletion is not the monetary value of deforestation. Roundwood and fuelwood production are different from deforestation, which represents a permanent change in land use and, thus, is not comparable. Areas logged out but intended for regeneration are not included in deforestation figures; rather, they are counted as producing timber depletion. Net forest depletion includes only timber values and does not include the loss of nontimber forest benefits and nonuse benefits.

For both energy and mineral depletion, unit resource rent is calculated as (unit world price - average cost) / unit world price. Marginal cost should be used instead of average cost in order to calculate the true opportunity cost of extraction; however, marginal cost is difficult to compute and data are not readily available. Unit prices refer to international rather than local prices to reflect the social cost of natural resources depletion. This differs from methodologies of national accounts, which may use local prices to measure energy or mineral GDP. This difference explains eventual discrepancies in the values for energy or mineral depletion, verses energy or mineral GDP.",https://datacatalog.worldbank.org/public-licenses#cc-by
NY.GNP.MKTP.CD,CC BY-4.0,GNI (current US$),GNI (formerly GNP) is the sum of value added by all resident producers plus any product taxes (less subsidies) not included in the valuation of output plus net receipts of primary income (compensation of employees and property income) from abroad. Data are in current U.S. dollars.,"World Bank national accounts data, and OECD National Accounts data files.",Economic Policy & Debt: National accounts: US$ at current prices: Aggregate indicators,Annual,Gap-filled total,,"Because development encompasses many factors - economic, environmental, cultural, educational, and institutional - no single measure gives a complete picture. However, the total earnings of the residents of an economy, measured by its gross national income (GNI), is a good measure of its capacity to provide for the well-being of its people.",,https://datacatalog.worldbank.org/public-licenses#cc-by
NY.ADJ.NNTY.CD,CC BY-4.0,Adjusted net national income (current US$),Adjusted net national income is GNI minus consumption of fixed capital and natural resources depletion.,World Bank staff estimates based on sources and methods in World Bank's "The Changing Wealth of Nations: Measuring Sustainable Development in the New Millennium" (2011).,Economic Policy & Debt: National accounts: Adjusted savings & income,Annual,Gap-filled total,"Adjusted net national income complements gross national income (GNI) in assessing economic progress (Hamilton and Ley 2010) by providing a broader measure of national income that accounts for the depletion of natural resources.

Adjusted net national income is calculated by subtracting from GNI a charge for the consumption of fixed capital (a calculation that yields net national income) and for the depletion of natural resources. The deduction for the depletion of natural resources, which covers net forest depletion, energy depletion, and mineral depletion, reflects the decline in asset values associated with the extraction and harvesting of natural resources. This is analogous to depreciation of fixed assets.","Adjusted net national income is particularly useful in monitoring low-income, resource-rich economies, like many countries in Sub-Saharan Africa, because such economies often see large natural resources depletion as well as substantial exports of resource rents to foreign mining companies. For recent years adjusted net national income gives a picture of economic growth that is strikingly different from the one provided by GDP.

The key to increasing future consumption and thus the standard of living lies in increasing national wealth - including not only the traditional measures of capital (such as produced and human capital), but also natural capital. Natural capital comprises such assets as land, forests, and subsoil resources. All three types of capital are key to sustaining economic growth. By accounting for the consumption of fixed and natural capital depletion, adjusted net national income better measures the income available for consumption or for investment to increase a country's future consumption.","Adjusted net national income differs from the adjustments made in the calculation of adjusted net savings, by not accounting for investments in human capital or the damages from pollution. Thus, adjusted net national income remains within the boundaries of the United Nations System of National Accounts (SNA).

The SNA includes non-produced natural assets (such as land, mineral resources, and forests) within the asset boundary when they are under the effective control of institutional units. The calculation of adjusted net national income, which accounts for net forest, energy, and mineral depletion, as well as consumption of fixed capital, thus remains within the SNA boundaries. This point is critical because it allows for comparisons across GDP, GNI, and adjusted net national income; such comparisons reveal the impact of natural resource depletion, which is otherwise ignored by the popular economic indicators.",https://datacatalog.worldbank.org/public-licenses#cc-by
