country,acronym,population,production-based_PDF,PDF_footprint,net_importer,percapite_production_based_PDF,percapita_PDF_footprint,percapita_net_trade,Indicator_Name,Indicator_Code,GNI_PPP,GNI_percapita_PPP,Adj_netNationalIncome,Adj_netNationalIncome_percapita,GINI
Australia,AUS,25340217,0.0039953183,5.19546e-4,-0.0034757723,1.5750841e-10,2.048218e-11,-1.3702622e-10,"GNI, PPP (current international $)",NY.GNP.MKTP.PP.CD,1271445657756.0342,50175.01064635848,1073529444765.3,42364.65081436754,NA
New Zealand,NZL,4979200,7.180692e-4,2.881964e-4,-4.298728e-4,1.4421088e-10,5.78789e-11,-8.633197e-11,"GNI, PPP (current international $)",NY.GNP.MKTP.PP.CD,222660796732.7147,44718.18700448158,176261032538.713,35399.46829585335,NA
Colombia,COL,50187406,0.0037648201,0.0017195578,-0.0020452623,7.478867e-11,3.415925e-11,-4.062941e-11,"GNI, PPP (current international $)",NY.GNP.MKTP.PP.CD,779204426067.9811,15525.895601537586,266333067982.397,5306.770945332321,51.3
Gabon,GAB,2242785,1.577395e-4,7.738e-5,-8.03596e-5,7.260477e-11,3.561665e-11,-3.698811e-11,"GNI, PPP (current international $)",NY.GNP.MKTP.PP.CD,31113608660.058865,13872.755819242087,9981301609.54359,4450.405014097914,NA
Belize,BLZ,389095,2.05252e-5,6.1437e-6,-1.43815e-5,5.258144e-11,1.573882e-11,-3.68426e-11,"GNI, PPP (current international $)",NY.GNP.MKTP.PP.CD,3414261748.213863,8774.87952354531,1495857800.40758,3844.453926181472,NA
Uruguay,URY,3428409,1.24189e-4,4.20731e-5,-8.2116e-5,3.587483e-11,1.215376e-11,-2.372106e-11,"GNI, PPP (current international $)",NY.GNP.MKTP.PP.CD,80046853333.35509,23348.105005369864,48921202008.0956,14269.359929954564,39.7
Panama,PAN,4232532,2.612053e-4,1.718734e-4,-8.93318e-5,6.151159e-11,4.047471e-11,-2.103687e-11,"GNI, PPP (current international $)",NY.GNP.MKTP.PP.CD,135697476383.08192,32060.59077239863,56365300364.2504,13317.158704116211,49.8
Rep Congo,COG,5570733,1.540048e-4,4.28175e-5,-1.111872e-4,2.862274e-11,7.9579e-12,-2.066483e-11,"GNI, PPP (current international $)",NY.GNP.MKTP.PP.CD,19087273561.963852,3426.3486621893117,3442036141.56006,617.8784984956307,NA
Jamaica,JAM,2813773,1.553803e-4,9.6468e-5,-5.89123e-5,5.270208e-11,3.272014e-11,-1.998194e-11,"GNI, PPP (current international $)",NY.GNP.MKTP.PP.CD,29209840311.02515,10381.022318085059,14208783383.9141,5049.726251518548,NA
Costa Rica,CRI,5084532,2.310017e-4,1.33331e-4,-9.76707e-5,4.576501e-11,2.641493e-11,-1.935007e-11,"GNI, PPP (current international $)",NY.GNP.MKTP.PP.CD,108118241210.7682,21264.148049568415,56768351249.9703,11164.911785385617,48.2
Kazakhstan,KAZ,18513673,6.377965e-4,2.821475e-4,-3.55649e-4,3.445003e-11,1.523995e-11,-1.921007e-11,"GNI, PPP (current international $)",NY.GNP.MKTP.PP.CD,445033960361.9887,24038.123626899356,123343253798.892,6662.278943724024,NA
Argentina,ARG,44938712,0.0011600393,5.301119e-4,-6.299275e-4,2.581381e-11,1.179632e-11,-1.401747e-11,"GNI, PPP (current international $)",NY.GNP.MKTP.PP.CD,993329077050.9852,22104.084270394425,371323128176.697,8262.878744203817,42.9
Paraguay,PRY,6530026,2.545772e-4,1.569566e-4,-9.76205e-5,3.613772e-11,2.228029e-11,-1.385742e-11,"GNI, PPP (current international $)",NY.GNP.MKTP.PP.CD,89805073526.88477,13752.636440786724,33862655389.5176,5185.684618946019,45.7
Brazil,BRA,211782878,0.0078577161,0.0052165751,-0.0026411409,3.723162e-11,2.47173e-11,-1.251431e-11,"GNI, PPP (current international $)",NY.GNP.MKTP.PP.CD,3154920115524.248,14896.955529730067,1602259650198.15,7565.57690276619,53.5
Nicaragua,NIC,6663924,2.714716e-4,2.004568e-4,-7.10148e-5,4.147452e-11,3.062511e-11,-1.08494e-11,"GNI, PPP (current international $)",NY.GNP.MKTP.PP.CD,36120924384.62921,5420.368597335326,11023362466.0439,1654.184901575093,NA
Guatemala,GTM,16604026,3.697926e-4,2.100739e-4,-1.597186e-4,2.227126e-11,1.265198e-11,-9.61927e-12,"GNI, PPP (current international $)",NY.GNP.MKTP.PP.CD,147383098889.53293,8876.347151560285,65972365520.6027,3973.275247858724,NA
Cuba,CUB,11316697,9.148986e-4,8.076217e-4,-1.072769e-4,8.072527e-11,7.125978e-11,-9.46548e-12,"GNI, PPP (current international $)",NY.GNP.MKTP.PP.CD,NA,NA,NA,NA,NA
Papua New Guinea,PNG,9542486,0.0016970741,0.0016234893,-7.35848e-5,1.933741e-10,1.8498943e-10,-8.38466e-12,"GNI, PPP (current international $)",NY.GNP.MKTP.PP.CD,37614314914.3864,3941.773130648177,19650048537.666,2059.2169103172905,NA
Turkmenistan,TKM,6158420,1.478732e-4,9.80708e-5,-4.98024e-5,2.488571e-11,1.650442e-11,-8.38128e-12,"GNI, PPP (current international $)",NY.GNP.MKTP.PP.CD,94843834924.99223,15400.67662241163,33554099404.3382,5448.491561851612,NA
Honduras,HND,9958829,2.622122e-4,1.91785e-4,-7.04272e-5,2.690428e-11,1.967809e-11,-7.22618e-12,"GNI, PPP (current international $)",NY.GNP.MKTP.PP.CD,53661323998.96538,5388.316638328199,21818867424.5951,2190.9069253619177,48.2
Central African Republic,CAF,5209324,3.83292e-5,6.1627e-6,-3.21666e-5,8.07751e-12,1.29872e-12,-6.77878e-12,"GNI, PPP (current international $)",NY.GNP.MKTP.PP.CD,5026635640.064342,964.9305053907842,1918026098.77956,368.19097809611384,NA
Dominican Republic,DOM,10881882,5.78155e-4,5.076006e-4,-7.05544e-5,5.383716e-11,4.726721e-11,-6.56995e-12,"GNI, PPP (current international $)",NY.GNP.MKTP.PP.CD,196691848156.81232,18075.168261961702,79217838516.6384,7279.792090801793,41.9
Ecuador,ECU,17343740,6.577324e-4,5.479162e-4,-1.098161e-4,3.785803e-11,3.153718e-11,-6.32084e-12,"GNI, PPP (current international $)",NY.GNP.MKTP.PP.CD,199882255337.9569,11524.749295016929,82010491811.2907,4728.535587554396,45.7
Laos,LAO,7212053,1.791261e-4,1.372522e-4,-4.18739e-5,2.498462e-11,1.914402e-11,-5.84059e-12,"GNI, PPP (current international $)",NY.GNP.MKTP.PP.CD,55530353837.81606,7699.659699924011,14191003289.6231,1967.6787302621183,NA
Greece,GRC,10721582,2.480623e-4,1.986775e-4,-4.93849e-5,2.313673e-11,1.853061e-11,-4.60611e-12,"GNI, PPP (current international $)",NY.GNP.MKTP.PP.CD,331036750599.8481,30875.73742381004,172816646320.951,16118.577120517382,33.1
South Africa,ZAF,58087055,0.0013148822,0.0010680485,-2.468337e-4,2.245425e-11,1.823907e-11,-4.21518e-12,"GNI, PPP (current international $)",NY.GNP.MKTP.PP.CD,817853918727.212,14079.796586816323,317415891941.642,5464.485881435064,NA
Peru,PER,32824861,0.0010769661,9.445111e-4,-1.32455e-4,3.312676e-11,2.905252e-11,-4.07422e-12,"GNI, PPP (current international $)",NY.GNP.MKTP.PP.CD,420000696534.9955,12795.201068330358,192887040459.481,5876.248507479772,41.6
Madagascar,MDG,27533134,0.0033539755,0.0032550488,-9.89267e-5,1.2436269e-10,1.2069456e-10,-3.66812e-12,"GNI, PPP (current international $)",NY.GNP.MKTP.PP.CD,43915945483.73337,1595.0216740213216,11593535911.7563,421.07578133881526,NA
Spain,ESP,47134837,0.0010854489,9.179739e-4,-1.674751e-4,2.302859e-11,1.947548e-11,-3.5531e-12,"GNI, PPP (current international $)",NY.GNP.MKTP.PP.CD,2035518751264.332,43185.01729971681,1187790958455.05,25199.852891292485,34.3
Malaysia,MYS,32804020,0.0011842316,0.0010801888,-1.040428e-4,3.70654e-11,3.380895e-11,-3.25644e-12,"GNI, PPP (current international $)",NY.GNP.MKTP.PP.CD,921626009055.6146,28094.91059497021,257059110714.374,7836.207596336485,NA
Philippines,PHL,110380804,0.0022606474,0.0019386371,-3.220102e-4,2.090934e-11,1.793098e-11,-2.97836e-12,"GNI, PPP (current international $)",NY.GNP.MKTP.PP.CD,1105301765145.0657,10013.532472050718,376376138105.305,3409.797034141054,NA
Cote d'Ivoire,CIV,26147551,1.657196e-4,1.04252e-4,-6.14676e-5,6.44408e-12,4.05388e-12,-2.39019e-12,"GNI, PPP (current international $)",NY.GNP.MKTP.PP.CD,135960423770.87244,5199.738352967452,54376379533.6416,2079.597417503521,NA
Moldova,MDA,2664224,1.12148e-5,5.6955e-6,-5.5193e-6,4.20822e-12,2.13716e-12,-2.07105e-12,"GNI, PPP (current international $)",NY.GNP.MKTP.PP.CD,37343675170.92562,14016.717502329242,11005915938.8223,4131.002475325761,26
Ukraine,UKR,44386203,2.89549e-4,1.986811e-4,-9.08679e-5,6.5234e-12,4.47619e-12,-2.04721e-12,"GNI, PPP (current international $)",NY.GNP.MKTP.PP.CD,567958984674.6417,12795.845246655626,136130825284.797,3066.9626163967437,26.6
Syria,SYR,20098251,1.498308e-4,1.210807e-4,-2.87502e-5,8.77737e-12,7.09313e-12,-1.68423e-12,"GNI, PPP (current international $)",NY.GNP.MKTP.PP.CD,NA,NA,20855825173.7394,1037.6935373003053,NA
Georgia,GEO,3720161,4.14861e-5,3.64647e-5,-5.0214e-6,1.115171e-11,9.80192e-12,-1.34978e-12,"GNI, PPP (current international $)",NY.GNP.MKTP.PP.CD,55540122569.91176,14929.494333689257,14148857742.6081,3803.291777589223,35.9
Romania,ROU,19371648,1.162588e-4,9.20797e-5,-2.4179e-5,6.00149e-12,4.75332e-12,-1.24816e-12,"GNI, PPP (current international $)",NY.GNP.MKTP.PP.CD,631442850327.8285,32596.238086084802,210119904637.035,10846.774865877958,34.8
Chile,CHL,19039485,2.252062e-4,2.018289e-4,-2.33773e-5,1.188296e-11,1.064945e-11,-1.2335e-12,"GNI, PPP (current international $)",NY.GNP.MKTP.PP.CD,469155277565.4977,24641.17477786283,217037331394.788,11399.327838688283,NA
Bolivia,BOL,11777315,7.294586e-4,7.153735e-4,-1.4085e-5,6.335899e-11,6.21356e-11,-1.22339e-12,"GNI, PPP (current international $)",NY.GNP.MKTP.PP.CD,102565612345.55511,8708.743236090324,34601838143.5614,2938.0073593651355,41.6
Indonesia,IDN,269582878,0.0048290382,0.0045210168,-3.080215e-4,1.784398e-11,1.67058e-11,-1.13818e-12,"GNI, PPP (current international $)",NY.GNP.MKTP.PP.CD,3230929292244.274,11984.920244987792,888915139181.808,3297.3723916613426,37.6
Liberia,LBR,4985289,3.42262e-5,2.89254e-5,-5.3008e-6,6.93207e-12,5.85846e-12,-1.07361e-12,"GNI, PPP (current international $)",NY.GNP.MKTP.PP.CD,6758406605.357952,1355.6699732669365,1753320522.1888,351.6988728614931,NA
Cameroon,CMR,25782341,1.263525e-4,1.006716e-4,-2.56809e-5,4.88293e-12,3.89048e-12,-9.9244e-13,"GNI, PPP (current international $)",NY.GNP.MKTP.PP.CD,98813503340.76582,3832.604003677006,32082428566.4225,1244.3566922965801,NA
Sri Lanka,LKA,21803000,5.328513e-4,5.115277e-4,-2.13236e-5,2.443936e-11,2.346134e-11,-9.7801e-13,"GNI, PPP (current international $)",NY.GNP.MKTP.PP.CD,301384076404.46765,13823.055377905226,75454933329.8231,3460.759222575935,37.7
Mongolia,MNG,3232430,1.395221e-4,1.363726e-4,-3.1495e-6,4.326045e-11,4.22839e-11,-9.7654e-13,"GNI, PPP (current international $)",NY.GNP.MKTP.PP.CD,37332548046.770256,11549.375561658027,10150297075.6777,3140.1444348919235,NA
Sierra Leone,SLE,8046828,2.1249e-5,1.40956e-5,-7.1534e-6,2.71963e-12,1.80407e-12,-9.1554e-13,"GNI, PPP (current international $)",NY.GNP.MKTP.PP.CD,13714258176.63347,1704.306116227844,3554818792.74296,441.76646906619106,NA
Equatorial Guinea,GNQ,1553031,1.03235e-5,9.1916e-6,-1.1319e-6,7.6133e-12,6.77857e-12,-8.3473e-13,"GNI, PPP (current international $)",NY.GNP.MKTP.PP.CD,19271673467.220867,12409.071980675768,4714808879.73817,3035.875574755539,NA
Thailand,THA,71307763,8.956364e-4,8.407719e-4,-5.48644e-5,1.286361e-11,1.207561e-11,-7.8799e-13,"GNI, PPP (current international $)",NY.GNP.MKTP.PP.CD,1288581409510.3242,18070.703038466152,423462767691.579,5938.522677980783,34.9
Cambodia,KHM,16207746,8.5846e-5,7.40012e-5,-1.18449e-5,5.20704e-12,4.48858e-12,-7.1845e-13,"GNI, PPP (current international $)",NY.GNP.MKTP.PP.CD,71070686301.82568,4384.982729975265,22749428250.2872,1403.614558760188,NA
Myanmar,MMR,53040212,2.178927e-4,1.835371e-4,-3.43556e-5,4.03166e-12,3.39597e-12,-6.3568e-13,"GNI, PPP (current international $)",NY.GNP.MKTP.PP.CD,258048860393.69232,4865.155146696856,60441070861.2505,1139.5329803970335,NA
Somalia,SOM,15981300,6.81413e-5,5.94355e-5,-8.7058e-6,4.41247e-12,3.84872e-12,-5.6374e-13,"GNI, PPP (current international $)",NY.GNP.MKTP.PP.CD,18858437327.901066,1180.031494803368,3879788653.31437,242.77052888778573,NA
Uganda,UGA,42949080,4.67228e-5,3.35745e-5,-1.31482e-5,1.05541e-12,7.5841e-13,-2.97e-13,"GNI, PPP (current international $)",NY.GNP.MKTP.PP.CD,98124399987.21736,2284.668262677975,29306152472.0728,682.3464547336706,42.7
Tanzania,TZA,59872579,2.616764e-4,2.498996e-4,-1.17769e-5,4.51124e-12,4.3082e-12,-2.0303e-13,"GNI, PPP (current international $)",NY.GNP.MKTP.PP.CD,153446599978.79773,2562.8860914576226,54641779814.0609,912.6344768622861,NA
Mali,MLI,20567424,1.69794e-5,1.34118e-5,-3.5676e-6,8.6374e-13,6.8225e-13,-1.8148e-13,"GNI, PPP (current international $)",NY.GNP.MKTP.PP.CD,45661038951.95362,2220.066010792291,14658522526.0324,712.7058073015074,NA
Ethiopia/DR Ethiopia (1992/1993),ETH,114120594,2.52497e-4,2.387601e-4,-1.37369e-5,2.25285e-12,2.13028e-12,-1.2256e-13,"GNI, PPP (current international $)",NY.GNP.MKTP.PP.CD,257936024325.07535,2260.2057637824364,81877685968.2936,717.4663493978449,NA
Eritrea,ERI,3498818,1.10239e-5,1.08734e-5,-1.505e-7,3.15228e-12,3.10924e-12,-4.303e-14,"GNI, PPP (current international $)",NY.GNP.MKTP.PP.CD,NA,NA,NA,NA,NA
Burundi,BDI,11874838,2.36597e-5,2.37061e-5,4.64e-8,2.05191e-12,2.05593e-12,4.02e-15,"GNI, PPP (current international $)",NY.GNP.MKTP.PP.CD,9058044730.466663,762.7931202486016,1910726312.51272,160.90546351139443,NA
Rwanda,RWA,12835028,3.09134e-5,3.13245e-5,4.112e-7,2.44821e-12,2.48077e-12,3.256e-14,"GNI, PPP (current international $)",NY.GNP.MKTP.PP.CD,28323945601.12948,2206.7692880085247,8341845966.26987,649.9281471197312,NA
Turkey,TUR,83481684,0.0010124304,0.0010155917,3.1613e-6,1.213515e-11,1.217303e-11,3.789e-14,"GNI, PPP (current international $)",NY.GNP.MKTP.PP.CD,2277088844599.713,27276.508276949862,631850929605.443,7568.737228700885,41.9
Burkina Faso,BFA,20951639,1.04404e-5,1.16766e-5,1.2362e-6,5.1377e-13,5.7459e-13,6.083e-14,"GNI, PPP (current international $)",NY.GNP.MKTP.PP.CD,43658153693.599525,2083.758396829934,13670353375.3735,652.4717887404179,NA
Niger,NER,23443393,1.16488e-5,1.33362e-5,1.6875e-6,4.9972e-13,5.721e-13,7.239e-14,"GNI, PPP (current international $)",NY.GNP.MKTP.PP.CD,31047827996.729507,1324.3743342411872,12948380509.1762,552.3253613150707,NA
India,IND,1383112050,0.0034745212,0.003612401,1.378798e-4,2.5428e-12,2.6437e-12,1.009e-13,"GNI, PPP (current international $)",NY.GNP.MKTP.PP.CD,9448744556227.71,6831.510546255245,2507336797306.21,1812.8226106527015,35
DR Congo,COD,89906890,3.196042e-4,3.294735e-4,9.8694e-6,3.68248e-12,3.79619e-12,1.1371e-13,"GNI, PPP (current international $)",NY.GNP.MKTP.PP.CD,93934103997.67387,1044.7931632122286,41419495906.5423,460.6932339283708,NA
Mexico,MEX,125085311,0.0036862525,0.0037015936,1.53411e-5,2.889467e-11,2.901491e-11,1.2025e-13,"GNI, PPP (current international $)",NY.GNP.MKTP.PP.CD,2456002764596.115,19634.621723058393,985354086241.984,7877.456420458387,NA
Togo,TGO,8243094,5.7947e-6,6.86e-6,1.0654e-6,7.1695e-13,8.4876e-13,1.3181e-13,"GNI, PPP (current international $)",NY.GNP.MKTP.PP.CD,17870125695.74968,2167.890563391571,6498386711.3509,788.3431526258101,NA
Chad,TCD,16126866,6.8921e-6,9.7245e-6,2.8324e-6,4.3219e-13,6.098e-13,1.7760999999999999e-13,"GNI, PPP (current international $)",NY.GNP.MKTP.PP.CD,25854763156.005302,1603.2106396869237,8147213441.08338,505.1950850886576,NA
Benin,BEN,12290444,4.1226e-6,6.5059e-6,2.3833e-6,3.4934e-13,5.5129e-13,2.0195e-13,"GNI, PPP (current international $)",NY.GNP.MKTP.PP.CD,40036158144.73648,3257.5029953951607,12674161809.4,1031.2208256593497,NA
Bulgaria,BGR,6975761,3.29646e-5,3.4687e-5,1.7224e-6,4.72559e-12,4.9725e-12,2.4691e-13,"GNI, PPP (current international $)",NY.GNP.MKTP.PP.CD,170622357665.64343,24459.31815405422,57001320707.4907,8171.340833995129,40.3
Malawi,MWI,18867337,1.99152e-5,2.47888e-5,4.8736e-6,1.06906e-12,1.33067e-12,2.6161e-13,"GNI, PPP (current international $)",NY.GNP.MKTP.PP.CD,29181830934.475,1546.6852017576725,9623854586.5223,510.0801764722971,38.5
Croatia,HRV,4065253,2.62342e-5,2.73887e-5,1.1544e-6,6.45328e-12,6.73726e-12,2.8397e-13,"GNI, PPP (current international $)",NY.GNP.MKTP.PP.CD,128520995928.18732,31614.513519376855,51948450710.7219,12778.651343648698,28.9
Sudan/North Sudan (2010/2011),SDN,43232093,3.39186e-5,4.61388e-5,1.22202e-5,7.9225e-13,1.07767e-12,2.8543e-13,"GNI, PPP (current international $)",NY.GNP.MKTP.PP.CD,176930479723.97333,4092.5726109067477,21581597654.1219,499.2031649756559,NA
Afghanistan,AFG,37769499,9.7058e-5,1.080222e-4,1.09642e-5,2.55135e-12,2.83956e-12,2.8821e-13,"GNI, PPP (current international $)",NY.GNP.MKTP.PP.CD,83191120760.82492,2202.6005894551295,17645416937.3793,467.1869472607857,NA
Haiti,HTI,11160438,2.875566e-4,2.908855e-4,3.3289e-6,2.553091e-11,2.582646e-11,2.9555e-13,"GNI, PPP (current international $)",NY.GNP.MKTP.PP.CD,36327453896.932365,3255.0204478473306,13944784800.7346,1249.4836493634568,NA
North Korea,PRK,25755441,2.11711e-5,2.87667e-5,7.5955e-6,8.2486e-13,1.1208e-12,2.9593e-13,"GNI, PPP (current international $)",NY.GNP.MKTP.PP.CD,NA,NA,NA,NA,NA
Guinea,GIN,12877539,2.55517e-5,2.9333e-5,3.7813e-6,2.00072e-12,2.29679e-12,2.9607e-13,"GNI, PPP (current international $)",NY.GNP.MKTP.PP.CD,32701274014.06547,2539.4039974614307,10949182418.568,850.2542619803365,NA
Kenya,KEN,50951450,1.021151e-4,1.184726e-4,1.63576e-5,1.94231e-12,2.25344e-12,3.1113e-13,"GNI, PPP (current international $)",NY.GNP.MKTP.PP.CD,240474148155.87085,4719.672318567398,82239142552.8551,1614.068737059595,NA
Tajikistan,TJK,9337003,4.03721e-5,4.37485e-5,3.3763e-6,4.3313e-12,4.69352e-12,3.6222e-13,"GNI, PPP (current international $)",NY.GNP.MKTP.PP.CD,40375741625.264565,4324.27210586358,8287121658.64973,887.556923634889,NA
Pakistan,PAK,223293280,1.104653e-4,1.933574e-4,8.28921e-5,5.1008e-13,8.9283e-13,3.8275e-13,"GNI, PPP (current international $)",NY.GNP.MKTP.PP.CD,1179501703984.1155,5282.2982580761745,257194151061.062,1151.822173336618,NA
Ghana,GHA,31522290,1.138386e-4,1.256653e-4,1.18267e-5,3.74249e-12,4.1313e-12,3.888e-13,"GNI, PPP (current international $)",NY.GNP.MKTP.PP.CD,168439527387.3363,5343.505417510476,52946920254.9233,1679.6660475785009,NA
Nepal,NPL,28832496,1.308966e-4,1.442342e-4,1.3337600000000001e-05,4.57541e-12,5.04161e-12,4.662e-13,"GNI, PPP (current international $)",NY.GNP.MKTP.PP.CD,119098699250.78052,4130.710683208991,32134548983.4223,1114.5253946596333,NA
Gambia,GMB,2508883,1.1306e-6,2.2407e-6,1.1101e-6,4.816e-13,9.5444e-13,4.7284e-13,"GNI, PPP (current international $)",NY.GNP.MKTP.PP.CD,5358326266.560291,2135.741788899798,1387800886.62195,553.1548847124197,NA
Zambia,ZMB,18380477,3.88247e-5,4.73019e-5,8.4773e-6,2.17371e-12,2.64833e-12,4.7462e-13,"GNI, PPP (current international $)",NY.GNP.MKTP.PP.CD,63492882556.90543,3454.3653332231493,18199054682.5433,990.129618646094,NA
Nigeria,NGA,203304492,7.23102e-5,1.777186e-4,1.054084e-4,3.5982e-13,8.8433e-13,5.2451e-13,"GNI, PPP (current international $)",NY.GNP.MKTP.PP.CD,1040597740019.16,5118.419813464623,368647910872.857,1813.2797128400734,NA
Bosnia and Herzegovina,BIH,3360711,2.4253e-5,2.604e-5,1.7869e-6,7.34718e-12,7.88851e-12,5.4133e-13,"GNI, PPP (current international $)",NY.GNP.MKTP.PP.CD,54078907873.15198,16091.507979457912,16925594292.7621,5036.313533880807,NA
Azerbaijan,AZE,10024283,1.11702e-4,1.182862e-4,6.5842e-6,1.114314e-11,1.179996e-11,6.5682e-13,"GNI, PPP (current international $)",NY.GNP.MKTP.PP.CD,145097815681.85678,14474.63281731539,36150816053.3299,3606.3243678704903,NA
Slovakia,SVK,5454147,2.64053e-5,3.00441e-5,3.6388e-6,4.84133e-12,5.50848e-12,6.6715e-13,"GNI, PPP (current international $)",NY.GNP.MKTP.PP.CD,178096322732.3573,32653.377830182668,85240883221.1219,15628.636929133356,23.2
Senegal,SEN,16000781,7.7331e-6,1.99394e-5,1.22062e-5,4.7453e-13,1.22354e-12,7.4901e-13,"GNI, PPP (current international $)",NY.GNP.MKTP.PP.CD,55726141751.649605,3482.713859507833,20176111687.0327,1260.9454305407155,NA
Belarus,BLR,9419758,2.86847e-5,3.59371e-5,7.2524e-6,3.04516e-12,3.81508e-12,7.6991e-13,"GNI, PPP (current international $)",NY.GNP.MKTP.PP.CD,183895160632.57788,19522.28078816652,53025555442.3388,5629.184469743151,25.3
Bangladesh,BGD,165516222,2.438962e-4,3.720845e-4,1.281883e-4,1.49587e-12,2.28208e-12,7.862e-13,"GNI, PPP (current international $)",NY.GNP.MKTP.PP.CD,981928372127.5084,5932.520451847363,312361096812.876,1887.1932493292168,NA
Macedonia,MKD,2076694,1.51166e-5,1.675e-5,1.6333e-6,7.27919e-12,8.06569e-12,7.865e-13,"GNI, PPP (current international $)",NY.GNP.MKTP.PP.CD,35669944090.09852,17176.312008460813,10185487759.6715,4904.664702489389,33.5
Mozambique,MOZ,30285595,8.89409e-5,1.133889e-4,2.4448e-5,2.92896e-12,3.73406e-12,8.0511e-13,"GNI, PPP (current international $)",NY.GNP.MKTP.PP.CD,39839588932.19412,1315.4633063076396,11668015390.388,385.26617655647846,50.5
Kyrgyzstan,KGZ,6456200,8.51778e-5,9.13275e-5,6.1497e-6,1.319318e-11,1.41457e-11,9.5252e-13,"GNI, PPP (current international $)",NY.GNP.MKTP.PP.CD,32280022514.10249,4999.848597333182,6423165037.30832,994.8832188142127,29.7
Albania,ALB,2854191,3.75116e-5,4.06775e-5,3.1659e-6,1.314263e-11,1.425185e-11,1.10922e-12,"GNI, PPP (current international $)",NY.GNP.MKTP.PP.CD,40583373124.0538,14218.870819806314,12379000501.4942,4337.131082500856,30.1
Morocco,MAR,36304408,1.199646e-4,1.654793e-4,4.55147e-5,3.28925e-12,4.53719e-12,1.24794e-12,"GNI, PPP (current international $)",NY.GNP.MKTP.PP.CD,310901208932.9315,8563.73168054225,105361848651.476,2902.17784714947,NA
Hungary,HUN,9771141,2.6568e-5,3.87712e-5,1.22032e-5,2.71903e-12,3.96792e-12,1.24889e-12,"GNI, PPP (current international $)",NY.GNP.MKTP.PP.CD,329596909965.01715,33731.67063754552,132628705691.376,13573.512621645314,30
Yemen Arab Republic/Yemen (1990/1991),YEM,31546691,6.39112e-5,1.003846e-4,3.64734e-5,2.1916e-12,3.44231e-12,1.25072e-12,"GNI, PPP (current international $)",NY.GNP.MKTP.PP.CD,NA,NA,NA,NA,NA
USSR/Russian Federation (1990/1991),RUS,144406261,3.15895e-4,5.071765e-4,1.912815e-4,2.18754e-12,3.51215e-12,1.3246e-12,"GNI, PPP (current international $)",NY.GNP.MKTP.PP.CD,4273387015415.451,29592.809798014583,1280764520745.96,8869.17583681472,37.7
Angola,AGO,32353588,7.26604e-5,1.208148e-4,4.81543e-5,2.2831e-12,3.79618e-12,1.51308e-12,"GNI, PPP (current international $)",NY.GNP.MKTP.PP.CD,202535400692.31152,6260.059956636387,56232452982.204,1738.0592527235,NA
Tunisia,TUN,12049314,4.40299e-5,6.27223e-5,1.86924e-5,3.76494e-12,5.36329e-12,1.59836e-12,"GNI, PPP (current international $)",NY.GNP.MKTP.PP.CD,135954521790.57674,11283.175273760542,38979846969.8888,3235.026240488778,NA
Zimbabwe,ZWE,15354608,1.36655e-5,3.71818e-5,2.35163e-5,9.3309e-13,2.53879e-12,1.6057e-12,"GNI, PPP (current international $)",NY.GNP.MKTP.PP.CD,34710829852.339554,2260.6132212779094,16192994864.0317,1054.6016455797308,50.3
Mauritania,MRT,4383849,3.2952e-6,1.08998e-5,7.6046e-6,7.2811e-13,2.40842e-12,1.68031e-12,"GNI, PPP (current international $)",NY.GNP.MKTP.PP.CD,24859406591.406372,5670.680397843624,7088158821.87541,1616.8802396878657,NA
Egypt,EGY,105618671,2.8497e-6,1.723031e-4,1.694534e-4,2.839e-14,1.71637e-12,1.68798e-12,"GNI, PPP (current international $)",NY.GNP.MKTP.PP.CD,1252250922533.6565,11856.340462129621,262394976331.958,2484.3616554497075,31.9
Poland,POL,37965475,7.69656e-5,1.479138e-4,7.09482e-5,2.02725e-12,3.896e-12,1.86875e-12,"GNI, PPP (current international $)",NY.GNP.MKTP.PP.CD,1272412042369.3596,33514.97755182464,504704670723.198,13293.779959902991,28.8
Iraq,IRQ,41563520,1.81262e-5,1.079052e-4,8.9779e-5,4.6111e-13,2.74499e-12,2.28388e-12,"GNI, PPP (current international $)",NY.GNP.MKTP.PP.CD,444003659901.53674,10682.532660889567,178952656565.981,4305.5221638104995,NA
Armenia,ARM,2820602,2.9968e-5,3.68626e-5,6.8946e-6,1.013212e-11,1.246314e-11,2.33103e-12,"GNI, PPP (current international $)",NY.GNP.MKTP.PP.CD,42652316566.72784,15121.706843690758,11892705734.2577,4216.371446328727,30
Latvia,LVA,1913822,4.1159e-6,8.6023e-6,4.4863e-6,2.15064e-12,4.4948e-12,2.34416e-12,"GNI, PPP (current international $)",NY.GNP.MKTP.PP.CD,62103082428.14652,32449.76932449649,26449289133.6321,13820.140605360424,34.5
China,CHN,1407745000,0.0047240633,0.0080306702,0.0033066069,3.35424e-12,5.70204e-12,2.3478e-12,"GNI, PPP (current international $)",NY.GNP.MKTP.PP.CD,23380863059847.367,16608.734578952415,10622646613018.9,7545.85994837055,38.2
Algeria,DZA,42705368,1.12534e-5,1.169816e-4,1.057282e-4,2.6138e-13,2.71715e-12,2.45576e-12,"GNI, PPP (current international $)",NY.GNP.MKTP.PP.CD,504951743968.7454,11824.081318506504,135688646580.766,3177.3206258465216,NA
Uzbekistan,UZB,33580350,1.010307e-4,1.894944e-4,8.84637e-5,3.00863e-12,5.64301e-12,2.63438e-12,"GNI, PPP (current international $)",NY.GNP.MKTP.PP.CD,262329620925.21957,7811.99781792684,47770400617.1723,1422.5700630628419,NA
Lithuania,LTU,2794137,8.3633e-6,1.57983e-5,7.435e-6,2.99315e-12,5.65407e-12,2.66092e-12,"GNI, PPP (current international $)",NY.GNP.MKTP.PP.CD,107740983352.12514,38559.6638075102,45943513278.2558,16442.827706105963,35.3
Jordan,JOR,10698683,3.5775e-6,3.18083e-5,2.82308e-5,3.5415e-13,3.14881e-12,2.79466e-12,"GNI, PPP (current international $)",NY.GNP.MKTP.PP.CD,106353788566.40517,9940.829966305682,42071717584.6607,3932.4202413194876,NA
Viet Nam,VNM,95776716,7.491461e-4,0.0010329467,2.838006e-4,7.76622e-12,1.070831e-11,2.94209e-12,"GNI, PPP (current international $)",NY.GNP.MKTP.PP.CD,972126018109.0004,10149.920134127384,207238972412.896,2163.7719590729753,NA
Bhutan,BTN,767459,1.0828e-5,1.34428e-5,2.6148e-6,1.418959e-11,1.761621e-11,3.42662e-12,"GNI, PPP (current international $)",NY.GNP.MKTP.PP.CD,8583523976.176445,11184.342064105633,2051715786.48799,2673.3881373311015,NA
Palestine,PSE,4685306,0,1.60992e-5,1.60992e-5,0,3.43611e-12,3.43611e-12,"GNI, PPP (current international $)",NY.GNP.MKTP.PP.CD,35899329307.067825,7662.109861568876,NA,NA,NA
Italy,ITA,59729081,5.535718e-4,7.624234e-4,2.088516e-4,9.26804e-12,1.276469e-11,3.49664e-12,"GNI, PPP (current international $)",NY.GNP.MKTP.PP.CD,2758765993017.338,46187.98660266241,1674476237969.1,28034.52204411282,34.6
Oman,OMN,4602768,3.8001e-6,2.25651e-5,1.8765e-5,7.6384e-13,4.5357e-12,3.77186e-12,"GNI, PPP (current international $)",NY.GNP.MKTP.PP.CD,151367273153.7564,32886.14006914022,49721459737.0328,10802.512691717853,NA
Cyprus,CYP,1228836,1.14223e-5,1.60714e-5,4.6491e-6,9.52995e-12,1.340878e-11,3.87883e-12,"GNI, PPP (current international $)",NY.GNP.MKTP.PP.CD,36739673107.74489,29897.946599664145,21501178247.7844,17497.19103914957,31.2
Djibouti,DJI,1073994,1.4194e-6,5.2667e-6,3.8473e-6,1.45793e-12,5.40971e-12,3.95178e-12,"GNI, PPP (current international $)",NY.GNP.MKTP.PP.CD,5175929860.473684,4819.328469687619,2844089801.13166,2648.1431005495933,NA
Lebanon,LBN,5781907,1.77739e-5,4.51309e-5,2.7357e-5,2.59256e-12,6.58296e-12,3.99039e-12,"GNI, PPP (current international $)",NY.GNP.MKTP.PP.CD,101073207043.6962,17480.946518803605,41106105007.7401,7109.437251021176,NA
Slovenia,SVN,2088385,7.6693e-6,1.6246e-5,8.5768e-6,3.67234e-12,7.77923e-12,4.10688e-12,"GNI, PPP (current international $)",NY.GNP.MKTP.PP.CD,86553274799.15132,41445.07588359011,43304402811.6337,20735.833101479708,24.4
United States of America,USA,328329953,0.0024007232,0.0037869535,0.0013862302,7.31192e-12,1.153398e-11,4.22206e-12,"GNI, PPP (current international $)",NY.GNP.MKTP.PP.CD,21764537000000,66288.61241910512,18185527879288.3,55387.96479920399,41.5
Iran,IRN,86564202,2.223058e-4,5.759835e-4,3.536777e-4,2.68116e-12,6.94676e-12,4.2656e-12,"GNI, PPP (current international $)",NY.GNP.MKTP.PP.CD,1273947452471.6975,14716.793120459859,193462971627.444,2234.907353820971,40.9
Austria,AUT,8879920,4.71169e-5,8.6343e-5,3.92261e-5,5.306e-12,9.72339e-12,4.41739e-12,"GNI, PPP (current international $)",NY.GNP.MKTP.PP.CD,528650662494.7607,59533.268598676645,361253244069.608,40682.038134308415,30.2
Saudi Arabia,SAU,35827362,3.38862e-4,4.930582e-4,1.541962e-4,9.88843e-12,1.438807e-11,4.4996400000000004e-12,"GNI, PPP (current international $)",NY.GNP.MKTP.PP.CD,1772762201363.8845,49480.679078852765,655033453595.015,18283.050077619864,NA
Portugal,PRT,10286263,1.329311e-4,1.799798e-4,4.70487e-5,1.292317e-11,1.74971e-11,4.57393e-12,"GNI, PPP (current international $)",NY.GNP.MKTP.PP.CD,373703823018.2891,36330.378002029414,191513675080.45,18618.39183777918,32.8
France,FRA,67388001,3.227625e-4,6.353067e-4,3.125442e-4,4.79952e-12,9.44709e-12,4.64757e-12,"GNI, PPP (current international $)",NY.GNP.MKTP.PP.CD,3476171529249.476,51584.42864701501,2286387728814.01,33928.70681553545,31.2
Canada,CAN,37601230,1.155347e-4,3.03058e-4,1.875233e-4,3.07263e-12,8.05979e-12,4.98715e-12,"GNI, PPP (current international $)",NY.GNP.MKTP.PP.CD,1851430732710.4185,49238.56833168538,1421423437049.95,37802.57818826538,31.7
United Kingdom,GBR,66836327,3.5114e-5,3.76605e-4,3.41491e-4,5.2537e-13,5.63473e-12,5.10936e-12,"GNI, PPP (current international $)",NY.GNP.MKTP.PP.CD,3292921205770.4136,49268.43460099795,NA,NA,32.8
Finland,FIN,5521606,5.8389e-6,3.51923e-5,2.93534e-5,1.05746e-12,6.37355e-12,5.31609e-12,"GNI, PPP (current international $)",NY.GNP.MKTP.PP.CD,287530965946.7022,52073.79265139566,219053976171.47,39672.14903987535,27.7
Malta,MLT,504062,5.135e-7,3.3008e-6,2.7874e-6,1.01869e-12,6.54849e-12,5.52981e-12,"GNI, PPP (current international $)",NY.GNP.MKTP.PP.CD,22773666613.460716,45180.288562638554,NA,NA,31
CSSR/Czech Republic (1990/1991),CZE,10671870,1.61021e-5,7.87639e-5,6.26618e-5,1.50884e-12,7.38051e-12,5.87168e-12,"GNI, PPP (current international $)",NY.GNP.MKTP.PP.CD,443315371395.9548,41540.55206781518,186271495814.353,17454.438239441915,25.3
Yugoslavia/Serbia (1991/1992),SRB,6945235,2.4173e-5,8.34767e-5,5.93037e-5,2.58365e-12,8.92212e-12,6.33847e-12,"GNI, PPP (current international $)",NY.GNP.MKTP.PP.CD,127485398470.83385,18355.807754645284,41252996336.6066,5939.755290729054,34.5
Estonia,EST,1326898,2.5205e-6,1.10631e-5,8.5426e-6,1.89959e-12,8.33781e-12,6.43822e-12,"GNI, PPP (current international $)",NY.GNP.MKTP.PP.CD,50784821075.7082,38273.34209239007,25802212077.3129,19445.512825637616,30.8
Namibia,NAM,2446644,6.6704e-6,2.27593e-5,1.60889e-5,2.67403e-12,9.12371e-12,6.44968e-12,"GNI, PPP (current international $)",NY.GNP.MKTP.PP.CD,24902097922.672256,10178.063470890025,10611810057.9803,4337.29224929344,NA
Sweden,SWE,10278887,8.7799e-6,7.73077e-5,6.85277e-5,8.5417e-13,7.52101e-12,6.66684e-12,"GNI, PPP (current international $)",NY.GNP.MKTP.PP.CD,597295847521.6295,58109.000276161176,457554024080.648,44513.96577087072,29.3
Bahamas,BHS,404557,5.6746e-6,8.2931e-6,2.6185e-6,1.456943e-11,2.129243e-11,6.723e-12,"GNI, PPP (current international $)",NY.GNP.MKTP.PP.CD,13621084551.192257,33669.13574896061,11698187434.1352,28916.04257035523,NA
Norway,NOR,5347896,1.6476e-6,3.92923e-5,3.76447e-5,3.0807e-13,7.34724e-12,7.03916e-12,"GNI, PPP (current international $)",NY.GNP.MKTP.PP.CD,385332127362.12054,72053.03307359017,320983195986.259,60020.463372185804,27.7
Botswana,BWA,2499702,1.01808e-5,2.71567e-5,1.6976e-5,4.41931e-12,1.17883e-11,7.36899e-12,"GNI, PPP (current international $)",NY.GNP.MKTP.PP.CD,37329892713.07652,14933.737186703263,12801736449.5483,5121.305039380014,NA
Iceland,ISL,360563,1.89e-8,2.68e-6,2.6611e-6,5.229e-14,7.43269e-12,7.3804e-12,"GNI, PPP (current international $)",NY.GNP.MKTP.PP.CD,21466829308.784397,59536.9722039821,20736980234.9111,57512.779278270646,NA
Venezuela,VEN,28971683,9.707945e-4,0.001189325,2.185305e-4,3.404406e-11,4.170753e-11,7.66348e-12,"GNI, PPP (current international $)",NY.GNP.MKTP.PP.CD,NA,NA,NA,NA,NA
Libya,LBY,6569088,8.7291e-6,6.22469e-5,5.35178e-5,1.28796e-12,9.1844e-12,7.89644e-12,"GNI, PPP (current international $)",NY.GNP.MKTP.PP.CD,158392951889.99835,24111.863304312312,44338387581.103,6749.549949871732,NA
Germany,DEU,83092962,7.59907e-5,7.615679e-4,6.855771e-4,9.1453e-13,9.16525e-12,8.25072e-12,"GNI, PPP (current international $)",NY.GNP.MKTP.PP.CD,4929834438495.624,59329.145571867135,3292399973632.14,39623.090745424866,31.7
Denmark,DNK,5814422,1.12999e-5,5.94778e-5,4.81779e-5,1.94343e-12,1.022935e-11,8.28593e-12,"GNI, PPP (current international $)",NY.GNP.MKTP.PP.CD,358440302432.24194,61646.76427549324,298859026239.489,51399.610526977405,27.7
El Salvador,SLV,6280217,1.314087e-4,1.896162e-4,5.82076e-5,2.036223e-11,2.938169e-11,9.01946e-12,"GNI, PPP (current international $)",NY.GNP.MKTP.PP.CD,56122864631.12434,8936.453092484597,21799043846.5321,3471.065386201162,38.8
Japan,JPN,126633000,3.259541e-4,0.0014940179,0.0011680638,2.58151e-12,1.18324e-11,9.25089e-12,"GNI, PPP (current international $)",NY.GNP.MKTP.PP.CD,5562601947410.039,43926.953854129955,4012802641669.74,31688.44330995665,NA
Netherlands,NLD,17344874,7.0011e-6,1.852851e-4,1.78284e-4,4.0364e-13,1.068241e-11,1.027877e-11,"GNI, PPP (current international $)",NY.GNP.MKTP.PP.CD,1023064404881.3268,58983.674651157846,762848872240.906,43981.22881958704,29.2
Switzerland,CHE,8575280,1.94789e-5,1.139061e-4,9.44272e-5,2.27152e-12,1.328308e-11,1.101156e-11,"GNI, PPP (current international $)",NY.GNP.MKTP.PP.CD,601514487109.7234,70145.17159902923,542573034304.059,63271.75722589339,NA
Belgium,BEL,11488980,5.5986e-6,1.353544e-4,1.297558e-4,4.873e-13,1.178123e-11,1.129393e-11,"GNI, PPP (current international $)",NY.GNP.MKTP.PP.CD,647300767076.3889,56341.01261177136,439830970223.445,38282.85628693278,27.2
United Arab Emirates,ARE,9211657,3.163e-7,1.124546e-4,1.121383e-4,3.237e-14,1.150957e-11,1.14772e-11,"GNI, PPP (current international $)",NY.GNP.MKTP.PP.CD,692688775754.0035,75196.97875789378,379993532586.237,41251.37666179244,NA
Bahrain,BHR,1494188,3.8e-9,1.93206e-5,1.93168e-5,2.33e-15,1.17725e-11,1.177017e-11,"GNI, PPP (current international $)",NY.GNP.MKTP.PP.CD,72984436635.51468,48845.55131985713,29045694429.3583,19439.116382515655,NA
Ireland,IRL,4934340,6.9492e-6,6.588e-5,5.89307e-5,1.40834e-12,1.335132e-11,1.194298e-11,"GNI, PPP (current international $)",NY.GNP.MKTP.PP.CD,343851263269.98285,69685.36081218215,212558119884.453,43077.31528116283,30.8
South Korea,KOR,51764822,3.08545e-5,7.001572e-4,6.693027e-4,5.9605e-13,1.352573e-11,1.292968e-11,"GNI, PPP (current international $)",NY.GNP.MKTP.PP.CD,2266520881778.473,43784.96427126656,1342049844652.39,25925.904751539372,NA
Israel,ISR,9054000,1.46521e-5,1.634903e-4,1.488381e-4,1.61831e-12,1.805724e-11,1.643893e-11,"GNI, PPP (current international $)",NY.GNP.MKTP.PP.CD,368572699393.6356,40708.272519730024,344085117979.115,38003.657828486306,NA
Kuwait,KWT,4441100,7.62e-8,9.41401e-5,9.40638e-5,1.812e-14,2.237659e-11,2.235847e-11,"GNI, PPP (current international $)",NY.GNP.MKTP.PP.CD,249893842520.51016,56268.45658069176,127783514594.934,28772.942423033484,NA
Luxembourg,LUX,620001,4.532e-7,1.45502e-5,1.40969e-5,7.31e-13,2.346796e-11,2.273696e-11,"GNI, PPP (current international $)",NY.GNP.MKTP.PP.CD,49901433872.76379,80486.05384953215,38127732823.3527,61496.24407598165,34.2
Singapore,SGP,5703569,4.929e-7,1.596818e-4,1.591889e-4,8.642e-14,2.799681e-11,2.791039e-11,"GNI, PPP (current international $)",NY.GNP.MKTP.PP.CD,518432255364.4846,90896.11353250651,266538878653.449,46731.94602422606,NA
Qatar,QAT,2807235,3.56e-8,1.082917e-4,1.082561e-4,1.258e-14,3.823763e-11,3.822505e-11,"GNI, PPP (current international $)",NY.GNP.MKTP.PP.CD,259179574788.9846,92325.57117198403,133854996403.175,47682.14859218235,NA
Brunei Darussalam,BRN,438048,8.8923e-6,2.56667e-5,1.67744e-5,2.052253e-11,5.923591e-11,3.871338e-11,"GNI, PPP (current international $)",NY.GNP.MKTP.PP.CD,28799884531.493706,65745.95599453418,10598249211.6369,24194.264582047857,NA
Hong Kong,HKG,7507900,0,5.751373e-4,5.751373e-4,0,7.660939e-11,7.660939e-11,"GNI, PPP (current international $)",NY.GNP.MKTP.PP.CD,489945876552.5162,65257.37910101575,NA,NA,NA
