Country Name,Country Code,Series Name,Series Code,1960 [YR1960],1961 [YR1961],1962 [YR1962],1963 [YR1963],1964 [YR1964],1965 [YR1965],1966 [YR1966],1967 [YR1967],1968 [YR1968],1969 [YR1969],1970 [YR1970],1971 [YR1971],1972 [YR1972],1973 [YR1973],1974 [YR1974],1975 [YR1975],1976 [YR1976],1977 [YR1977],1978 [YR1978],1979 [YR1979],1980 [YR1980],1981 [YR1981],1982 [YR1982],1983 [YR1983],1984 [YR1984],1985 [YR1985],1986 [YR1986],1987 [YR1987],1988 [YR1988],1989 [YR1989],1990 [YR1990],1991 [YR1991],1992 [YR1992],1993 [YR1993],1994 [YR1994],1995 [YR1995],1996 [YR1996],1997 [YR1997],1998 [YR1998],1999 [YR1999],2000 [YR2000],2001 [YR2001],2002 [YR2002],2003 [YR2003],2004 [YR2004],2005 [YR2005],2006 [YR2006],2007 [YR2007],2008 [YR2008],2009 [YR2009],2010 [YR2010],2011 [YR2011],2012 [YR2012],2013 [YR2013],2014 [YR2014],2015 [YR2015],2016 [YR2016],2017 [YR2017],2018 [YR2018],2019 [YR2019],2020 [YR2020],2021 [YR2021],2022 [YR2022]
Upper middle income,UMC,Adjusted savings: natural resources depletion (% of GNI),NY.ADJ.DRES.GN.ZS,..,..,..,..,..,..,..,..,..,..,0.504716560020427,0.548647291596408,0.694035157316628,1.04801086642972,1.99747681210604,2.25480002418479,2.5198684452143,2.58372715801421,2.59731485390971,4.72938855659674,6.84248458145076,4.70744561015495,4.29346784076349,4.66376825213562,4.47924336658869,4.6492579805214,2.6598786208667,3.43612733279807,2.96511788285438,3.55672541991187,3.45192750582759,2.34665356371429,2.38230911535274,2.02078157628028,1.75720251752861,1.87394547985953,1.99570722179657,1.63611050004455,0.933115920562616,1.59528132073347,2.7648364713409,2.42110395397968,2.48091718350449,2.67845998596705,3.6263053331506,4.39341540480512,4.80828944388961,4.61862416329963,5.86541945450886,3.06671030991911,3.96306769968952,4.98930917993215,3.72063500547536,3.08246945842567,2.62670432888141,1.39579035972824,1.19975635645362,1.48312213153441,1.98683441487891,1.70106835141233,1.02882024660809,2.34630617396184,..
Upper middle income,UMC,GNI (current US$),NY.GNP.MKTP.CD,249124014762.471,230590256494.473,230716746536.142,233636801242.001,280869325564.946,316876749279.183,341935432020.691,341622500136.901,356941109716.501,401634222225.32,437984996389.106,479189546365.301,543783379542.663,701606406432.949,862890798230.218,947094526985.368,996826810018.779,1101880453304.93,1173382548688.87,1411398015563.74,1610871107091.67,1737191254899.07,1648466164150.24,1574711059562.34,1634643661291.48,1663681524248.91,1682576435901.55,1797320389542.61,2005871880125.35,2129657342063.49,2494921832142.65,2420977798606.9,2536754669426,2776845886884.06,3075468155674.72,3467453747478.23,3769380818924.08,4033896104950.68,3968065681242.53,3737404730270.43,4136799133432,4160568349184.4,4210063282340,4715346175555.31,5654028003921.23,6770477108137.08,8086987214910.11,10047153567958.9,12270976286196.6,11798910693123.8,14334443109452.5,17294099159132.4,18596159897208.4,19925421150213.4,20671343240035.4,19401087905948.6,19279356247506.8,21385247597803.8,22961727945608.1,23359039022695.6,22526818765823.6,26671161963141.3,..
Upper middle income,UMC,GNI (constant 2015 US$),NY.GNP.MKTP.KD,..,..,..,..,..,..,..,..,..,..,..,..,..,..,..,..,..,..,..,..,..,..,..,..,..,..,..,..,..,..,..,..,..,..,..,5971829416590.49,6273980426874.37,6650333745123.02,6834054756996.32,7094142671089.78,7552950991421.58,7880206939163.01,8263936364512.83,8802438887354.15,9485521445206.15,10196891407894.8,11200227856674.7,12369691502346.7,13249052614191.8,13639307565463,14748582936134.2,15773635041131.2,16752430912400.8,17656980158374.5,18636419676970.9,19401087905948.6,20224232774883,21303690568163.3,22305904873369.9,23298283984264.8,23174889899715.6,24814118304667.3,..
Upper middle income,UMC,GDP (constant 2015 US$),NY.GDP.MKTP.KD,1285125513668.48,1282520369474.5,1325097415973.46,1376129668225.65,1496571574988.26,1604516489006.81,1703736209348.59,1758310074345.85,1855755393689.68,2000672771886.12,2167307444856.07,2313374644459.02,2466707665159.88,2663706673936.51,2825668155072.47,2967437165228.12,3115773692262.85,3264837722459.29,3434640554933.84,3672781027705.46,3915050714661.62,4000669151882.02,4082011505089.29,4121909430165.61,4379217669813.89,4597441528906.24,4820857629223.91,5089358877363.35,5285718749395.86,5412129982666.91,5467302343598.67,5528059707630.52,5590809985007.75,5828118517132.55,6047158846762.05,6260643200996.76,6590825883891.39,6976344609217.02,7190947813062.07,7454848740826.53,7934650778279.52,8221479666764.95,8611422929316.21,9127369468591.34,9870088449028.78,10634586045478.2,11580603529054.2,12697571417496.8,13520636320459,13886665001780.7,15055903978994.5,16098111773253.5,17050793410663.8,18001500496503.3,18851892480779.2,19663539084053.1,20495340088736.5,21567550352940.7,22633613037492.3,23559774691782.4,23423481098161.5,25157315909734,..
Upper middle income,UMC,GDP (current US$),NY.GDP.MKTP.CD,241947821260.232,218362178293.655,223960654699.61,234967729957.098,269646464573.407,301236127616.879,332800558219.268,334847091640.431,349436561590.023,391659287155.933,428733154724.626,466372090971.086,530310605507.316,689646925085.607,855036487439.501,941818374264.569,991932567605.783,1096860449575.72,1175611658735.14,1426836828912.42,1658117418563.06,1792584208500.02,1711730545777.28,1626146012027.37,1674641532082.15,1713511079250.59,1734386797527.3,1850901540258.57,2052565102774.55,2170714012208.62,2573840645746.07,2494887052289.33,2601334625458.78,2837279116751.38,3144386965372.43,3538256634224.72,3850174556345.5,4124231219848.43,4064945915551.47,3841078264218.7,4246882391518.85,4267639350314.26,4297954474319.23,4811817332427.07,5767481154258.84,6930925818089.84,8234042643341.19,10201008096217.9,12443466295323.4,11983177781359.5,14604336836124.7,17647554043085.6,18914789047353,20306635471472.2,20939604263512.1,19663539084053.1,19549824626203.8,21644841419480.9,23304501933943.9,23681744716187.8,22851374975033.8,27104087422750.6,..
Upper middle income,UMC,GDP growth (annual %),NY.GDP.MKTP.KD.ZG,..,-0.202715156323222,3.31979495315224,3.85120758949613,8.75222077857683,7.21281332764848,6.18377692105867,3.20318748276929,5.54198720496292,7.80907756966356,8.32893191288161,6.73956987272952,6.62811019685566,7.98631356115165,6.08030466419962,5.01718540095213,4.99880936900408,4.78417384955141,5.20095780891189,6.93349038895883,6.59635532662068,2.18690493330675,2.03321869715236,0.977408442543066,6.24245253341098,4.98316995285657,4.85957458975706,5.56957431208482,3.85824377419893,2.39156185306879,1.01942047047017,1.11128597274275,1.13512300329566,4.24461809221141,3.75833691414462,3.53032489545112,5.27394186658114,5.84932347049059,3.07615543477475,3.6699046443515,6.43610694373116,3.61488988615106,4.74298153564241,5.99142027409523,8.13727309925652,7.74560025877649,8.89566814853337,9.64516128749455,6.48206555332354,2.70718531766043,8.41986882425567,6.92225319524536,5.91797131756292,5.57573517514342,4.72400611516302,4.30538527684379,4.23016935622739,5.23148315452208,4.94290110423302,4.0919744132586,-0.578501260746165,7.40212270032163,..
Upper middle income,UMC,GNI growth (annual %),NY.GNP.MKTP.KD.ZG,..,..,..,..,..,..,..,..,..,..,..,..,..,..,..,..,..,..,..,..,..,..,..,..,..,..,..,..,..,..,..,..,..,..,..,..,5.05960551124365,5.9986371114031,2.76258333663372,3.80576280614665,6.46742448811392,4.33282233809167,4.86953487785658,6.51629561371954,7.76015109668444,7.4995345991034,9.83963061529842,10.4414272694912,7.10899792188265,2.9455309948216,8.13293024845365,6.95017351453853,6.20526510672619,5.39951037973887,5.54703867711994,4.10308547581492,4.24277686346659,5.33744743395594,4.70441636391558,4.44895249275321,-0.529627352094181,7.0732953297519,..
Upper middle income,UMC,Adjusted net national income (annual % growth),NY.ADJ.NNTY.KD.ZG,..,..,..,..,..,..,..,..,..,..,..,..,..,..,..,..,..,..,..,..,..,..,..,..,..,..,..,..,..,..,..,..,..,..,..,..,8.09274981598635,6.61290353042845,2.84007232447966,4.4160987109438,7.52022081888146,4.80420191555299,5.91688818693913,6.46180597084613,8.59275446369242,8.56862445446606,11.5641707372089,11.553453234816,5.24675040896084,3.95980719218345,8.31964066892044,5.42789827072836,6.73757017043246,4.43680373945074,5.28516018940391,3.71627075388051,4.39592236211162,5.27097364211076,3.10113979801143,3.40037334649512,-2.27029802704013,..,..
Upper middle income,UMC,Adjusted net national income (constant 2015 US$),NY.ADJ.NNTY.KD,..,..,..,..,..,..,..,..,..,..,..,..,..,..,..,..,..,..,..,..,..,..,..,..,..,..,..,..,..,..,..,..,..,..,..,4388404287929.94,4743546867866.12,5057233046158.77,5200862122287.17,5430537327427.45,5838925726101.78,6119439507682.88,6481519901019.85,6900343140985.54,7493272684242.66,8135343079904.51,9076128043722.37,10124734252785.9,10655953788600.1,11077909013116.8,11999551236638.1,12650874670706.7,13503236228819.1,14102348318766.2,14847680017880.7,15399460008015,16076408314151.7,16923791558988.8,17448621994357.1,18041940285983.9,17632334471631.4,..,..
Upper middle income,UMC,Adjusted net national income (current US$),NY.ADJ.NNTY.CD,..,..,..,..,..,..,..,..,..,..,283873293047.031,311349406850.781,351220200072.155,452446057551.729,549875271295.971,596907629621.872,623928372049.907,687502409811.751,730533069647.499,858075220765.606,963882072857.189,1065542879870.67,1009625365623.35,954840926131.975,997193865086.861,1014923829752.75,1046648444359.29,1103765764658.8,1244138480119.08,1387474019586.68,1678567963888.19,1819867670447.61,2007956295901.84,2227570573404.75,2501923606515.87,2819514439455.55,3129450952750.06,3363484656526.68,3337457551124.11,3138499383910.89,3450463601807.79,3470141108584.82,3504160113279.3,3908539721626.02,4649781551981.22,5529740640804.16,6587711955804.14,8196048039656.72,9786566390387.8,9541408622974.17,11430130682605.8,13487414370732.6,14565599568214.5,15569127045841,16108879304382.8,15162047398439.8,15049116750483.9,16715798932865.5,17658205781035.4,17903434581871.4,17115770953759.5,19978528670497.9,..
World,WLD,Adjusted savings: natural resources depletion (% of GNI),NY.ADJ.DRES.GN.ZS,..,..,..,..,..,..,..,..,..,..,0.405694361264291,0.445419591625692,0.508348431505645,0.711156148976682,2.35226376245089,1.96371644337032,2.09026972087007,2.0835731241042,1.77278397658999,3.31298993298452,3.65793982966404,2.74724602317185,1.77323474447947,1.96990026057923,1.9017217354197,1.76398258164611,0.767621230378093,0.958613728688072,0.776453375316585,0.998865093847939,1.14118967331745,0.723805202335684,0.772684804371435,0.772282151948614,0.687751554554714,0.703521927248566,0.862389817896173,0.77013279953996,0.457898559040912,0.632927058346485,1.20721058345654,1.00101305823791,0.908232324574582,1.08167108253743,1.31702718583684,1.73518685913604,1.82807744443723,1.85543885070359,2.48455722364225,1.31557630718119,1.74810264114029,2.34798790504307,1.91463328545676,1.70935164035407,1.49823735973354,0.810326441925731,0.719130498778104,0.89000126053998,1.17786698519236,1.03476836682153,0.687321366542261,1.51566961442211,..
World,WLD,GNI (current US$),NY.GNP.MKTP.CD,1372433935792.38,1437009035701.39,1541312446395.61,1656059201872.33,1825194843150.09,1992106024651.31,2155071525827.68,2296630846489.91,2498754482040.56,2758432232540.14,3006999416085.14,3319078775052.38,3835427792578.07,4676648335564.95,5381221514835.46,5992238931832.57,6503355940315.25,7347666944269.35,8651421670604.62,10020081957087.8,11267626694480.2,11659748037511,11557857612597.2,11775373112038,12242106222416,12808348544600.8,15109903011203,17235462243664.1,19377454434019.5,20182656827454.1,22646077094051.4,23636084461244.9,25286613490351.8,25704294963180.4,27772868895854.3,30889385072215.2,31592425371907.4,31528150884292.3,31513112434338.4,32703888239140,33866049655987.3,33667648652861.9,34890142274367.5,39062624813887,44057314155190.8,47724710979120.4,51876966723452.4,58176601645048.5,63653104757857.1,60476406976374.3,66414830727226.8,73708784011704.3,75569913220871.8,77543382137645.6,79947004599434.3,75343918923385.9,76499868600415.5,81564650390779.9,86513668025051.2,87732656275821.2,85184149371555.2,96432656714196.1,..
World,WLD,GNI (constant 2015 US$),NY.GNP.MKTP.KD,..,..,..,..,..,..,..,..,..,..,..,..,..,..,..,..,..,..,..,..,..,27834158449770.9,27904595737291.7,28724210881249.9,30029101675585.5,31094335061232.7,32091173615305.8,33283821215654.3,34758340122068.8,36163151926629.1,37063108693591.4,37557345124667.2,38160688940419.4,38598792293814.2,39653420147546.5,40699276410859.3,42149967014657,43777819952320.6,45052520352612,46736273770534.4,48815806039659.7,49817115958104.8,50855010801086.6,52474836693077.9,54786551681611.8,56931452149310.9,59443463304846.2,62006031648386.1,63151586408635.8,62295144819579,65106335631768.7,67217151298092.2,69005538009516.7,70869769194632.1,73173452185923.8,75343918923385.9,77417495951422.8,80144884323256,82678659719002.6,84931005538162.2,82008498815767.2,87098456463006.5,..
World,WLD,GDP (constant 2015 US$),NY.GDP.MKTP.KD,10903082068832.2,11316306562224.2,11917885657281.7,12535875240448.2,13358013610079.6,14099267223911.9,14904706650013.9,15523636743005.4,16446095593850,17402419697235.1,18093044833148.6,18866751596329,19926322025887.5,21203087861463.6,21583766769272.5,21720580194363.5,22872464873117.1,23810116684605.7,24795154145632.3,25830552072835.2,26315435011122.9,26823887020372.5,26929495354884.6,27642888203207.8,28935052865661.6,30005246664938.4,31038287215028.8,32196690950958.1,33690063638077.6,34954866035574.1,35956650729980.9,36481547689207.4,37236630426229.9,37909928686981.1,39162999047803.3,40373943744120.6,41824663031510.4,43446512586732.1,44671345967005.3,46258447357121,48346996211394.2,49318385609145.5,50455089407956.2,52024054256755.1,54350174931372.4,56526680484422.3,59025400226394.2,61611834694089.1,62886691849429.3,62043099488000.9,64860376304301.6,67007464702463.4,68822296672323.9,70754752525925.8,72941532558813.2,75186364779691.6,77295536289686,79912950064136.3,82539580063577.7,84678527134453.5,82041009500794.2,86860283231171.3,..
World,WLD,GDP (current US$),NY.GDP.MKTP.CD,1392273064404.33,1448621687210.33,1550544284536.88,1671610129796.69,1830287415820.91,1993900164077.15,2163893762205.56,2302529133110.22,2485212751062.49,2741171923549.14,2997220356779.1,3310772104445.64,3817137302147.76,4656966197587.3,5367575035061.46,5978906146254.59,6499365376286.78,7350784222229.78,8656534451012.94,10054211373082.8,11336590644916.5,11727603962156.2,11609770331649.2,11840065192866.5,12271599306473,12862129922841.2,15207735012460,17310212349485.2,19341190141116.7,20197416427770.8,22783754938461.9,23763495621881.3,25410281534978.7,25826196199251.8,27876766197809,31048402318515.5,31741779852478,31627744822233.4,31546478648028.1,32745401790419.2,33839543447259.1,33623874142346.6,34917872758829.1,39152219944703.5,44123871631674.5,47784318320003.9,51780102663355,58349348476252.4,64120604168598.3,60803913019546.5,66605599347148.5,73857461479872.3,75500388177983.5,77606228872413.9,79732636600985.5,75186364779691.7,76469364472137.9,81409498368206.1,86466958777951.7,87654250895445.7,85116336691718.7,96527425918257.8,..
World,WLD,GDP growth (annual %),NY.GDP.MKTP.KD.ZG,..,3.78997874897406,5.31603745223454,5.18539614272061,6.55828455422601,5.54913054792061,5.71263324051354,4.15258151351081,5.94228572927835,5.81490055148844,3.96855809668337,4.27626621342854,5.6160724020169,6.40743351390887,1.79539371951954,0.633871865617948,5.30319479703603,4.09947863813626,4.13705432054205,4.17580758369776,1.87716831185203,1.93214366030696,0.393710033269755,2.64911331951025,4.674492234512,3.6986066838912,3.44286638142385,3.73217673998565,4.63828003130571,3.75422976662767,2.86593773063599,1.45980492779559,2.06976618277064,1.80816108505044,3.3053883355167,3.09206323764748,3.59320678847732,3.87773490009906,2.81917536609662,3.55283987030057,4.51495666975023,2.00920320572551,2.30482767181238,3.10962653561648,4.47124067481788,4.00459714398005,4.4204254001091,4.38190077115013,2.06917577064543,-1.34144814525817,4.54083828749657,3.3103236837364,2.70840268008783,2.80789213240399,3.09064756050992,3.07757753659541,2.80525799614679,3.38624181950276,3.28686401557363,2.59141986090575,-3.11474198112982,5.87422529257198,..
World,WLD,GNI growth (annual %),NY.GNP.MKTP.KD.ZG,..,..,..,..,..,..,..,..,..,..,..,..,..,..,..,..,..,..,..,..,..,..,0.253060596920236,2.93720486644737,4.54282556178907,3.54733683729651,3.2058526162724,3.71643497568961,4.43013708330176,4.04165388688497,2.48860157098079,1.33349966718069,1.60646023766976,1.14804885750036,2.73228199914767,2.6374932084579,3.5644137481782,3.86205032401932,2.91174937829193,3.7373123739674,4.44950378229846,2.05120021501153,2.08341013529305,3.18518444195593,4.40537814734907,3.9150127209393,4.41234337207355,4.31093378661021,1.84748923579845,-1.3561679725906,4.5126964875538,3.2421048517642,2.66061068772984,2.70156749572521,3.2505862760255,2.96619425846849,2.75214915505724,3.52296123546093,3.16149360890824,2.72421665616562,-3.44103629042968,6.20662214372925,..
World,WLD,Adjusted net national income (annual % growth),NY.ADJ.NNTY.KD.ZG,..,..,..,..,..,..,..,..,..,..,..,..,5.53745308893868,5.96920926022753,-1.62451232676695,0.653032454292784,4.89869284797504,3.41089042043386,4.7483758063572,1.5066048334853,0.4291297994871,1.65005458562628,0.931031588880373,3.72177899346495,6.0138765323783,5.8610336581242,3.77258612059244,2.74692968945187,2.51662814922315,2.67006104313852,3.12219979844446,1.24885915869508,2.58610216631024,1.49087989377247,4.03136986775301,2.96044645824529,2.67438331563498,3.99787263014066,1.96441889226935,2.94346098219449,3.57730773260701,1.84290862736327,4.08356279199809,1.34112699362142,5.50188485032177,3.84830321448599,5.17645177860425,5.08171902439156,-0.302651783799718,-0.589969778054453,5.25278278795189,2.70398048049285,-8.68726739025239,2.35392160502374,3.26534551681496,3.31440486873376,2.5977424305121,3.61177142578708,2.30867581127076,2.50513686608495,-4.26269672960188,..,..
World,WLD,Adjusted net national income (constant 2015 US$),NY.ADJ.NNTY.KD,..,..,..,..,..,..,..,..,..,..,..,19121690955610.7,20180545622089.5,21385164620127.7,21037759984774.3,21175143385131.1,22212448619687,22970090901799.6,24060797140879,24423298273578.5,24528105924488.1,24932833061062.4,25164965612863.7,26101550016755.9,27671265007800.6,29293087163536.5,30398194104161.1,31233211123065.5,32019234906094.9,32874168023633.6,33900565231407.7,34323935545149.6,35211587585845.6,35736550065441.1,37177222576553.7,38277834345595.3,39301530360920.3,40872755486445.9,41675667617012.7,42902374632388.6,44437124597585,45256060200546.1,47104119836019.9,47735845902248.5,50362217176117.3,52300307998592.2,55007608222200.8,57802940314091.2,57627998684141.9,57288010908207.8,60297225684754.2,61927650897548.7,56547830275576.6,57878921869605.5,59768868650055.5,61749850942580.1,63353953021293.4,65642152993623.1,67157617501784.2,68840007736205.7,65905566977776.8,..,..
World,WLD,Adjusted net national income (current US$),NY.ADJ.NNTY.CD,..,..,..,..,..,..,..,..,..,..,2561374152872.31,2823074967421.93,3255553475898.22,3960370862696.12,4452296638384.09,4952499610685.43,5373161148419.25,6057731469724.26,7154737756350.82,8108508266801.9,9039047085615.03,9419700765686.58,9388443322169.96,9537814438738.34,9948946269582.47,10422365932521.2,12382909858248.5,14054739373401.4,15835039813348.4,16473222667677.5,18475546567489.7,19461851315129.8,20916327815247.1,21179882955521,22955734952912.3,25573274849752.3,26260258093970.9,26252105118220.6,26354034836874.4,27258116758577.3,28052166386128.1,27922357816076.6,28956739979765.5,32408954619823.3,36549981826600,39445751259769.8,42901257046696.8,48099220942837.7,51947143139196.4,49471564291060.3,54322643988210.4,59799125834459.1,61447627476825.7,63072777643219.6,65071071538938.7,61631628380470.5,62596688007477.5,66692896504048.9,70284831261590.6,71213354902445.1,68580436251713.7,76892463673445,..
Middle income,MIC,Adjusted savings: natural resources depletion (% of GNI),NY.ADJ.DRES.GN.ZS,..,..,..,..,..,..,..,..,..,..,0.795190124132374,0.90969709844895,1.1465846572505,1.67502816074974,4.63958071833015,4.17260794086256,4.60486956504048,4.86498483634762,4.61370655061353,7.29343938918535,7.72137098895717,5.15816703238225,4.37566943314528,4.76924701226602,4.76032046602061,4.81958666755522,2.53345044599855,3.45422890660753,3.01767371820446,3.98993927033903,4.26873099930039,2.83655497301616,2.79747046045077,2.57452162948764,2.20523511970748,2.29937494106444,2.45308891622058,2.05964807546211,1.28246248390153,1.94048036861448,3.26131896606632,2.7588238124522,2.71998173502803,2.92314429964657,3.80200926992443,4.68065806990581,5.01604120502574,4.83571130203961,6.03617281169159,3.22923534142673,4.07023468139202,5.06053516635254,3.86764227159322,3.25543581116282,2.77706490972772,1.50912244568682,1.31357168579852,1.62148612028888,2.128835068641,1.78696007489856,1.15132282267271,2.46038294276428,..
Middle income,MIC,GNI (current US$),NY.GNP.MKTP.CD,331891126016.607,324791447828.916,326006159411.269,343439945645.362,402435431279.664,445730838521.121,449430303075.97,459143586271.307,484956511732.218,543175468574.607,595744685152.282,644433137131.122,725191077567.619,920998460527.465,1165779222986.82,1286235412515.56,1380357256791.22,1547743261721.07,1671018800580.64,1978313475064.75,2306076190424.16,2601426992310.55,2550746668991.48,2472247946817.48,2511462031159.37,2603798098780.79,2677782268861.46,2740214631773.08,2948721062156.1,3084242972972.33,3516520827125.19,3385130525880.92,3545233656158.55,3798178709121.16,4181332600850.56,4726166116701.51,5173494329678.49,5473137222298.4,5286588772195.29,5161021422644.08,5622359644678.85,5687106538897.9,5842661012929.55,6583774981861.86,7817904156844.38,9281259579524.03,11076581509145.2,13725227559642.3,16428630388619,16034925792155,19512285699015.5,23246175980951.3,24848599498139.4,26275095243615.7,27308976256426.1,25878905115730.5,26094786430373,28717185335221.3,30474831032223.1,31179965709271.9,30052867530780.6,35276661736112.3,..
Middle income,MIC,GNI (constant 2015 US$),NY.GNP.MKTP.KD,..,..,..,..,..,..,..,..,..,..,..,..,..,..,..,..,..,..,..,..,..,..,..,..,..,..,..,..,..,..,..,..,..,..,..,8269702077676.01,8701673735163.88,9166744984899.31,9466044982730.66,9858779252712.35,10417374760547.1,10881362372971.7,11409364946077.9,12149328887297,13067866565547.1,14002388068209.5,15289823104735.3,16757449948249,17817203507301.2,18404076882030.1,19819225632087,21077641964851.9,22288183426961,23465207922975.2,24794936793927.9,25878905115730.5,27058855607591.5,28497327268445.2,29841620497583.6,31138432236337.2,30712954930123.4,32742493924896.2,..
Middle income,MIC,GDP (constant 2015 US$),NY.GDP.MKTP.KD,1906296001608.02,1926990955156.95,1989517693271.92,2084287144482.07,2249949835480.36,2383767696253.7,2500458205022.65,2579947439815.97,2729533559153.33,2955540063043.17,3206684056448.25,3413872408158.76,3625792128692.11,3883774727779.59,4110758276019.35,4288672329951.17,4551278539684.9,4761256968397.49,4939133837942.64,5166211444006.76,5417754738329,5527996958811.94,5684462158659.77,5791765461033.26,6074768729416.89,6350011180406.66,6606872242716.97,6925515506575.3,7211446996421.29,7433869404099.77,7592040313776.47,7709009681279.96,7836691693039.25,8105359294967.75,8380603726725.06,8703223939101.5,9179234201920.06,9657713058708.95,9908400924598.7,10287519161914.1,10892786964457.2,11301033269099,11840079921572.6,12555056581483.7,13522687632333.7,14509528857937.2,15704885278954.5,17105312179225.3,18115015848765,18694757351889.5,20181841411201.1,21469209032063.5,22662047997837.4,23892890339959.8,25086204002423.3,26209560891294.8,27414060024436.5,28839170111189,30255610595076.1,31462483363651,31071050797281.6,33232046696447.4,..
Middle income,MIC,GDP (current US$),NY.GDP.MKTP.CD,327378582973.522,314172952462.267,321012862400.619,344192827608.759,391811002011.803,432030295210.445,446882786925.116,458926726503.354,484457678842.653,541194256071.148,595056946688.059,640313620805.269,717173925954.128,915584248655.855,1163469111771.47,1286333788847.72,1381647471330.49,1550585411550.43,1679615430237.91,1998047441469.79,2359821280991.88,2658380233174.92,2617466207208.32,2529134389210.44,2559427784105.89,2663885052258.86,2755636296568.87,2833271283860.07,3029628511054.65,3144259969001.31,3617383600679.26,3481130033276.78,3636889726086.81,3884184557381.17,4272387511332.58,4819065122850.63,5282574389252.78,5589652327259.9,5403542196483.4,5286624030726.35,5767244415060.88,5820255973312.29,5959302988294.65,6719126826735.48,7976988421076.83,9495021112140.56,11271584256051.6,13930019930065.7,16663356643346.4,16279173312873.8,19858752192801.3,23690515814276.6,25254427945368.1,26753522183962,27662207338671.7,26209560891294.8,26449058918691.4,29057051626350.4,30904257823566.6,31590337549585.4,30468597959817.3,35845142448794.2,..
Middle income,MIC,GDP growth (annual %),NY.GDP.MKTP.KD.ZG,..,1.08561070953638,3.24478627923197,4.76343847207987,7.94817026228178,5.94759308243735,4.89521310958021,3.17898674065653,5.79802972063736,8.28004122286552,8.49739770221515,6.46114017044736,6.20760518251615,7.11520655158296,5.84440561436821,4.32801060012955,6.12325189545828,4.61361410605119,3.73592248277701,4.59751878598034,4.86900888685176,2.03483224707483,2.83041400010924,1.88765971834329,4.88630401710259,4.53091242234332,4.04504897728155,4.82290639431666,4.12866723891554,3.08429650511009,2.12770632733287,1.54068422544118,1.65626996252639,3.42832935698026,3.39583258114425,3.84960586249447,5.46935556466562,5.21262282085368,2.59572700457993,3.82623028882728,5.88351567580867,3.74785907384339,4.7698882008211,6.03861346077903,7.70710227046733,7.29767079174322,8.23842340244832,8.91714186634316,5.90286607435296,3.20033671493634,7.9545512750998,6.37884122975989,5.55604523665716,5.43129350992375,4.99442991402236,4.47798674029343,4.59564789405459,5.1984641657681,4.91151610266876,3.98892220265195,-1.24412482589217,6.95501389143496,..
Middle income,MIC,GNI growth (annual %),NY.GNP.MKTP.KD.ZG,..,..,..,..,..,..,..,..,..,..,..,..,..,..,..,..,..,..,..,..,..,..,..,..,..,..,..,..,..,..,..,..,..,..,..,..,5.2235455815751,5.34461833309221,3.26506298936418,4.14887390349581,5.66597033482665,4.45397831113658,4.85235722337248,6.4855839454371,7.56039849419565,7.15129357936834,9.19439620052171,9.59871696003611,6.32407414209773,3.2938579530081,7.68932209492507,6.34947276006352,5.74324900350692,5.28093507427958,5.66681051929116,4.37173254689669,4.55950700612813,5.31608461833896,4.71726073282281,4.3456478473031,-1.36640567830926,6.60808769260508,..
Middle income,MIC,Adjusted net national income (annual % growth),NY.ADJ.NNTY.KD.ZG,..,..,..,..,..,..,..,..,..,..,..,..,..,..,..,..,..,..,..,..,..,..,..,..,..,..,..,..,..,..,..,..,..,..,..,..,0.141694391825567,4.15747860527496,-4.35412187042118,2.12421202359796,3.99616027536382,3.91610707755285,13.0714228328624,0.331918765163849,12.520706677141,7.09865123209809,11.5109186384918,14.9368105367043,4.01178464876621,5.10121757309849,7.8365395309137,4.60041626614365,-24.7787332907771,4.18528487669214,5.15618616091334,4.18108367203165,4.80832264257347,5.1793665198965,3.02234065203464,3.74437315064533,-2.63272232535033,..,..
Middle income,MIC,Adjusted net national income (constant 2015 US$),NY.ADJ.NNTY.KD,..,..,..,..,..,..,..,..,..,..,..,..,..,..,..,..,..,..,..,..,..,..,..,..,..,..,..,..,..,..,..,..,..,..,..,10266579998042.5,10281127166132,10708562828445.1,10242298952323.9,10459867098162.1,10877860151994.7,11303848803293.2,12781422676759.2,12823846617078.2,14429482836729.1,15453781497903.9,17232653712697.9,19806662548210,20601263195752,21652178454173.9,23348959978039.3,24423109330844.4,18371372208439.5,19140266471120.2,20127174242066,20968708237942.4,21976951384002.5,23115218246079.5,23813838883937.3,24705517873245.4,24055090188603,..,..
Middle income,MIC,Adjusted net national income (current US$),NY.ADJ.NNTY.CD,..,..,..,..,..,..,..,..,..,..,427754500379.443,462565954019.328,518078527925.882,654666538945.333,802153428363.734,883611130202.293,940462575638.121,1048760644578.32,1132310170096.75,1297014394111.95,1510884698346.26,1757215004101.25,1733125188680.68,1668349355661.31,1696031370233.34,1756548501614.65,1844413320504.62,1867476985299.45,2026093489398.99,2163515262551.48,2503202664628.86,2608368002206.38,2837216870564.34,3083403237117.37,3455176543668.31,3913763975021.93,4350731851531.53,4622084037637.09,4496419498819.27,4386835424519.28,4729597852813,4777342587516.97,4907598888016.15,5508224848828.93,6481747838796.25,7631059989749.35,9085175845997.72,11276281742188.4,13216599839599.3,13147698753406.8,15802995006111.9,18462262409923.1,19827184544254.7,20946046181095.1,21773386327060.2,20791425614966.2,21004198841103.1,23074964563233,24118137380898,24669005538251.3,23640705364438.1,27299798193320.4,..
Lower middle income,LMC,Adjusted savings: natural resources depletion (% of GNI),NY.ADJ.DRES.GN.ZS,..,..,..,..,..,..,..,..,..,..,1.39146589935239,1.62493856456001,2.06314152303256,2.96057185047743,9.60435865196928,7.71929499846433,8.23470701508717,8.68541992729274,7.87026504604674,11.6133036287422,9.21244845252006,5.83638359741483,4.48981847791484,4.91072342240677,5.15715499920563,5.04800121550098,2.37037648483424,3.48004797668278,3.09932919011171,4.72924230277319,5.84230788109588,3.94030169862122,4.0006297851073,4.18910882907756,3.51774813438557,3.47296155278467,3.68189206035752,3.2459072659528,2.32151883216557,2.84105447099457,4.63915080817241,3.67445261405796,3.33542708163653,3.53887897239557,4.25960800097157,5.45336235402987,5.57903631145406,5.4297379830838,6.54122461996787,3.68287827950646,4.36755949100158,5.26796750998468,4.30515941037225,3.79861406748133,3.24555851852939,1.84864356966014,1.63561663206617,2.0252020394813,2.56373645627896,2.04404822998899,1.51642436808743,2.80168084115708,..
Lower middle income,LMC,GNI (current US$),NY.GNP.MKTP.CD,..,..,..,..,..,130853781522.409,118162036007.272,126156496735.115,136038866483.56,151062416708.165,167471287984.719,177239524953.156,196158984865.21,241158050069.946,322825104525.103,359648972329.144,399660410263.047,459126246747.563,507000709739.111,584779379331.577,705549456747.931,855465973444.579,879541627292.622,869563813974.457,857410596786.255,911976908191.887,958773891127.499,925552065282.288,943143377732.618,953991415551.587,1025550235011.52,966740877696.294,1011113710497.98,1021402639335.93,1106111209355.3,1258888798787.71,1403992385594.81,1439644201179.16,1319279599260.21,1423656327087.82,1485938314652.54,1526796717950.33,1632527630516.09,1868336820036.71,2163791692909.09,2510708480381.02,2989509092808.3,3677980349680.14,4157652718119.4,4236011928677.5,5177838494581.41,5952074157011.62,6252437875977.26,6349674944158.07,6637633511119.54,6477815759468.23,6815425822168.1,7331934659728.3,7513102555449.25,7820924773739.63,7526122798726.22,8607013232154.76,..
Lower middle income,LMC,GNI (constant 2015 US$),NY.GNP.MKTP.KD,..,..,..,..,..,..,..,..,..,..,..,..,..,..,..,..,..,..,..,..,..,1482256293325.29,1563561089789.31,1629126409270.56,1638985020527.98,1690749716759.82,1709786868519.1,1770417130168.59,1860788045938.65,1940021191898.4,2059487775431.63,2127148340423.33,2183961670795.57,2189371989873.81,2228753771787.97,2318404189137.5,2450637163239.33,2534930578635.53,2655897559541.66,2792892259647.26,2886141861019.81,3025141521107.64,3170395109158.35,3373167373155.92,3608472728315.67,3829478203462.01,4107740187884.82,4396841937678.67,4565749591625.64,4767737513154.17,5066875969109.36,5302865479980.73,5537555663276.82,5810946090419.45,6160509054247.77,6477815759468.22,6831297935276.96,7190359713148.4,7532161368170.85,7836037105586.56,7531544577901.05,7919945422592.09,..
Lower middle income,LMC,GDP (constant 2015 US$),NY.GDP.MKTP.KD,608758430892.199,630056979655.649,649665710146.088,691107674611.933,736430933693.087,763790321153.732,783498319119.654,808056410458.489,858720798723.467,937291908442.567,1019817532806.55,1080478577815.23,1139118068859.35,1201542619591.65,1266318808817.39,1304244842491.33,1413030511894.98,1473599555125,1487027695432.77,1485572905216.59,1502711067584.55,1528134711052.66,1598946499543.98,1661227364005.88,1694110696227.41,1754182494190.03,1793723434139.09,1850118102587.79,1936838082943.8,2023701048419.66,2124536722297.92,2180565632121.29,2245270121318.74,2276958121478.08,2333367932065.43,2442270397493.09,2587987888797.93,2681245494466.4,2717568906532.56,2832709500074.71,2958167831139.68,3079586253199.32,3228691050442.81,3427723303664.73,3652637429627.23,3874983023703.79,4124323967790.43,4407785168771.28,4594425182320.96,4808163308721.36,5125990928433.24,5371124910534.74,5611262940518.86,5891389843456.54,6234311521644.12,6546021807241.73,6918719935700.05,7271619758248.3,7621997557583.86,7902708671868.63,7647873955823.35,8075259395760.73,..
Lower middle income,LMC,GDP (current US$),NY.GDP.MKTP.CD,91051702922.4581,96427143528.1363,97978920750.8237,109077864323.016,122476610538.138,132042694955.514,121144770664.936,129448741049.86,139451083192.912,154870299481.681,171623106589.703,181069169788.164,197102143152.834,242586875818.969,323544985740.2,360233163150.291,401049359270.874,461844317138.109,509276810540.484,585455388737.802,710910867274.519,855543896451.628,880945394651.128,871356507110.383,860784715121.506,917245375398.517,975995107769.519,955329508734.26,972635024509.918,972113806729.767,1047872935793.26,989260208030.085,1039038529568.86,1046851990789.17,1128027740880.82,1280790306545.94,1432365373984.62,1465410347976.45,1338625797409.76,1445505118102.34,1520346634370.9,1552592196440.57,1661285137143.1,1907223821900.99,2209428402039.46,2564028857163.17,3037465371972.35,3728927998302.27,4219890348022.91,4295995531514.35,5254415356676.67,6042961771190.92,6339638898015.05,6446886712489.79,6722603075159.65,6546021807241.73,6899234292487.57,7412210206869.53,7599755889622.71,7908592833397.55,7617243123611.1,8742534530876.31,..
Lower middle income,LMC,GDP growth (annual %),NY.GDP.MKTP.KD.ZG,..,3.49868645469687,3.1122154223504,6.37896749337843,6.55806045079797,3.71513283987703,2.5802890426985,3.13441531903077,6.26990734919501,9.14978533603706,8.80468759205593,5.94822534985578,5.42717757187741,5.48007730180235,5.39108544046157,2.99498304928076,8.34089320191249,4.28646393125575,0.911247581547727,-0.0978320861572541,1.15363993970101,1.69185174825269,4.63387082167233,3.8951187222126,1.97946006272329,3.54591928947703,2.25409500322927,3.14400020512451,4.68726727416549,4.48478198775592,4.98273566429202,2.63722953034093,2.96732591967421,1.41132239985156,2.47741976697972,4.66717931326275,5.96647658074254,3.60347921534465,1.35472160759336,4.23689692891971,4.42891623944016,4.10451431394453,4.84171524952713,6.16448740719957,6.56161848659227,6.0872615571717,6.43463319868457,6.87291306877414,4.2343264565615,4.65211899026785,6.61016690376093,4.7821774467407,4.47090756562214,4.99222556324864,5.82072630227424,4.99991513923257,5.69350575713045,5.10065193891307,4.81842850677275,3.68290742897797,-3.22465026393314,5.58829084273744,..
Lower middle income,LMC,GNI growth (annual %),NY.GNP.MKTP.KD.ZG,..,..,..,..,..,..,..,..,..,..,..,..,..,..,..,..,..,..,..,..,..,..,5.48520501010125,4.19333276514877,0.605147102233431,3.15833858049348,1.12595918665954,3.54607131250258,5.10449849530417,4.25804250691972,6.15800404820952,3.28531034749764,2.67086828372891,0.24772958017509,1.79877070211477,4.02244601823429,5.7036203920517,3.43965302822642,4.77200369610276,5.15813193221358,3.33881842561046,4.81610630319875,4.80154687102134,6.39580421417566,6.97579838558661,6.12462644963645,7.26631592187307,7.037975543013,3.84156756920264,4.4239815932747,6.274222419541,4.65749531486669,4.42572386914361,4.9370235491385,6.01559467923217,5.15065723345806,5.4568111989303,5.25612820979799,4.75360995358029,4.0343763570948,-3.88579742008142,5.15698792822232,..
Lower middle income,LMC,Adjusted net national income (annual % growth),NY.ADJ.NNTY.KD.ZG,..,..,..,..,..,..,..,..,..,..,..,..,..,..,..,..,..,..,..,..,..,..,0.213040403911194,39.5343411334254,17.9434799056968,21.8946158543718,-1.00776771455585,-7.08515452258879,-26.8209715899146,6.11744605863656,20.853536946368,-5.30618004128024,6.94602511363141,14.5919485553385,13.3063007960241,4.49714989175516,-11.9269064584663,-0.419755673702028,-18.7079712520677,-3.66066034257095,-5.7089218753709,1.12730417033848,36.1677469069057,-14.8815195117007,24.7137202195251,3.1254469139695,11.3593941895434,24.5474579693176,0.836768494180845,8.14884055677815,6.59954654204407,2.44818494154013,-57.8445016650747,3.51710901367552,4.81063042325145,5.43221955808528,5.88540345340509,4.94295937493281,2.81835096991942,4.67847213816499,-3.60423018682607,..,..
Lower middle income,LMC,Adjusted net national income (constant 2015 US$),NY.ADJ.NNTY.KD,..,..,..,..,..,..,..,..,..,..,..,..,..,..,..,..,..,..,..,..,..,3003467860943.22,3009866461005.51,4199797335359.99,4953387126310.3,6037912209395.85,5977064079516.33,5553579853568.45,4064055778819.63,4312672198881.83,5212016889251.39,4935457889325.78,5278276033791.05,6048479357250.6,6853308214111.79,7161511757044.37,6307364948769.62,6280889426536.06,5105862438245.54,4918954156822.46,4638134906924.16,4690420795155.84,6386840317216.67,5436381429228.91,6779913525714.76,6991816123774.01,7786044078281.55,9697319975870.26,9778464094208.24,10575295542147.1,11273217093409.8,11549206296717.8,4868625468109.95,5039860333290.94,5282309387773.62,5569256031454.83,5897029218259.05,6188516976845.51,6362931105086.06,6660619064008.15,6420555021073.67,..,..
Lower middle income,LMC,Adjusted net national income (current US$),NY.ADJ.NNTY.CD,..,..,..,..,..,..,..,..,..,..,144217428504.657,151426823410.295,167206836709.723,203050000196.693,252926543136.328,286697559255.893,315596942604.563,359484425274.967,398828188775.775,437435285174.833,542108236736.818,683286282363.554,713122212576.878,702647279430.419,689151061609.527,730668880991.508,785141519663.864,753518488415.141,773649886919.081,770929015381.372,824160605411.499,791263031425.706,833588389537.617,856442992433.159,953708744857.777,1095362267325.38,1222540883895.62,1259737052830.17,1160153069899.75,1248286462182.54,1279497375740.85,1307474027252.57,1403339071652.1,1599524268040.96,1831877862864.7,2101375890921.49,2497543482884.56,3080301214475.52,3429824304623.47,3606392615461.03,4373048692425.8,4974849305235.96,5261561547425.07,5376838853826.43,5664446569911.36,5629387872784.92,5955096648403.03,6359178344765.67,6459941544123.85,6765846049163.02,6524983674825.38,7329940539767.05,..
Low income,LIC,Adjusted savings: natural resources depletion (% of GNI),NY.ADJ.DRES.GN.ZS,..,..,..,..,..,..,..,..,..,..,..,..,..,..,..,..,..,..,..,..,5.33749666193486,5.78171240865902,8.11039577153735,5.75043605977279,5.45709888186175,4.16189956854512,5.78803006847821,5.2437942884668,5.78776700606911,6.12865294123978,6.6343004310322,..,7.20341927484745,6.35446344920008,10.8362082627271,14.0244357726927,12.6779307760842,11.6843549397954,12.3168204366609,8.07992517321305,6.99942507235262,7.55098632337179,8.607821129725,12.1367200933619,10.5289766701742,10.0561000708687,9.78382215600899,11.1781172124772,10.8426387334018,8.82640049886452,8.35900435242399,10.3880345799428,7.63410205301284,7.5672816837866,7.43369705777268,6.83432964105975,6.91331860934061,6.23520243233456,5.84601094750396,5.00601855637576,5.84254077829696,9.40344861286128,..
Low income,LIC,GNI (current US$),NY.GNP.MKTP.CD,..,..,..,..,..,..,..,..,..,..,..,..,..,..,..,..,..,..,..,..,68471320644.3105,69401618136.7611,68466661724.8531,66236047758.3537,66574185451.2399,65396811960.9727,74091523397.1011,83395776102.4688,92784235039.6396,101570746532.405,121231844201.573,129940078272.41,83505562584.9043,82308500322.6131,75622365270.792,86385620607.2426,89985965668.5665,94054439800.6543,92045407173.4142,91549291410.3425,110289980553.266,103509401435.105,111773025856.108,124655995030.464,144636036060.001,170975316003.148,200299512285.518,245617435180.388,289605283138.773,308202765677.857,338571536359.597,378580263538.902,394494207022.515,424063508894.12,455272525100.493,454292565081.453,478333199763.564,533598540855.951,483210495639.415,489075665854.046,491531602011.294,541236972195.387,..
Low income,LIC,GNI (constant 2015 US$),NY.GNP.MKTP.KD,..,..,..,..,..,..,..,..,..,..,..,..,..,..,..,..,..,..,..,..,..,..,..,..,..,..,..,..,..,..,..,..,..,..,..,..,..,..,..,..,..,..,..,..,..,..,..,..,..,365177790323.933,378253125740.857,388834524703.498,391818624750.822,408870104446.264,434901660151.506,454292565081.453,477755539615.165,496173973863.79,512879631391.046,528402725167.343,529062634986.156,544385828610.729,..
Low income,LIC,GDP (constant 2015 US$),NY.GDP.MKTP.KD,..,..,..,..,..,..,..,..,..,..,..,..,..,..,..,..,..,..,..,..,161863677476.987,167612858469.325,170038265259.331,172247330855.529,171474276073.498,171656471014.936,177854812596.936,187280707130.696,191863563779.277,197341201740.218,195232382159.812,197460372568.372,192894495093.5,194000070855.429,193934044197.356,202619728004.17,214137511715.027,228209158236.754,234910527437.786,241598182939.914,247293458981.926,259432312642.125,267065815004.265,275764316349.576,289970427880.603,306667562027.761,324308498467.103,344031337835.352,360124907386.811,373097480201.187,397892146502.243,411078406831.43,403978048412.085,424833077250.275,448951720345.234,467056692405.371,487907508547.396,508390033137.904,527382665647.698,545112462564.556,546005045578.323,559939005867.808,..
Low income,LIC,GDP (current US$),NY.GDP.MKTP.CD,15504327156.5848,15646054476.0096,17071140198.6662,21085041390.0396,17480287692.4178,20490231576.5304,22316638592.2787,21852530086.7529,23046070483.9226,26027772547.586,27044577292.9346,29331423109.3541,32451632512.2254,39319824655.3587,47411864337.4033,53640352486.4184,55824921227.4841,64069274170.2177,70432731273.2032,78152328991.2801,83839914828.7859,82447175411.984,83613207144.2494,78161487695.4422,74443059482.5063,72331305068.4164,82243803086.1445,90900848224.635,101754309158.644,110576743338.629,131588259673.94,144556515569.811,92686132165.0134,94146232459.6586,82613167935.0059,93820243240.894,96098820591.4327,100978165097.324,98684040009.6437,97973194737.8391,117450534246.092,110639169494.256,119228473143.051,132424411135.095,154258677323.025,182611485357.926,213984967126.719,262439865763.814,308849619567.301,319703969961.856,357152533740.892,397459003243.105,405292212797.291,439350055197.637,469062546850.349,467056692405.371,489979322292.4,549267831351.999,495876417677.63,504129640270.574,508740161134.52,562977782713.026,..
Low income,LIC,GDP growth (annual %),NY.GDP.MKTP.KD.ZG,..,..,..,..,..,..,..,..,..,..,..,..,..,..,..,..,..,..,..,..,..,3.55186604057937,1.44702907172838,1.29915792355891,-0.448805086379096,0.106252054600191,3.61089887573218,5.29976917471495,2.44705219175792,2.85496519143263,-1.06861596149682,1.14119921291361,-2.31230064821807,0.573150499392511,-0.0340343474011604,4.47867925549733,5.68443350719554,6.57131317583142,2.93650318541539,2.84689476247463,2.35733397193152,4.90868367896708,2.94238689251867,3.25706281246542,5.15154089516724,5.75821964646441,5.7524624784884,6.0815055607459,4.67793708931308,3.60224259646722,6.64562684467485,3.31402880029259,-1.72725161461865,5.16241635409767,5.67720462141649,4.03272139066873,4.46430090416696,4.19803430602829,3.7358388779904,3.36184673326024,0.163742910878867,2.55198379618029,..
Low income,LIC,GNI growth (annual %),NY.GNP.MKTP.KD.ZG,..,..,..,..,..,..,..,..,..,..,..,..,..,..,..,..,..,..,..,..,..,..,..,..,..,..,..,..,..,..,..,..,..,..,..,..,..,..,..,..,..,..,..,..,..,..,..,..,..,..,3.58053960656413,2.79743860461581,0.767447296404271,4.35188084953491,6.36670556789596,4.45868726350511,5.16472782897168,3.8552005620828,3.36689516323597,3.02665436999223,0.124887663780385,2.89629102704887,..
Low income,LIC,Adjusted net national income (annual % growth),NY.ADJ.NNTY.KD.ZG,..,..,..,..,..,..,..,..,..,..,..,..,..,..,..,..,..,..,..,..,..,..,..,..,..,..,..,..,..,..,..,..,..,..,..,..,..,..,..,..,..,..,..,..,..,..,..,..,..,..,..,..,1.27292631020499,4.97792017279797,8.61562429840508,4.84366557684301,0.619016674728229,3.73192439854013,20.9877492102864,2.13770660249806,0.873898421554202,..,..
Low income,LIC,Adjusted net national income (constant 2015 US$),NY.ADJ.NNTY.KD,..,..,..,..,..,..,..,..,..,..,..,..,..,..,..,..,..,..,..,..,..,..,..,..,..,..,..,..,..,..,..,..,..,..,..,..,..,..,..,..,..,..,..,..,..,..,..,..,..,..,..,288378772853.71,292049622126.411,306587619180.822,333002056594.867,349131562580.331,351292745169.443,364402724836.723,440882654840.904,450307432462.707,454242662007.14,..,..
Low income,LIC,Adjusted net national income (current US$),NY.ADJ.NNTY.CD,..,..,..,..,..,..,..,..,..,..,..,..,..,..,..,..,..,..,..,..,..,..,..,..,..,..,..,..,..,..,..,..,..,..,64612858530.5229,71658199117.4756,81376617400.1417,83086848264.7983,80674806638.2378,85368722837.0784,103900503042.462,92349677009.4938,96708905587.955,101853346557.265,118850248163.384,137444264402.861,156413974879.111,184245626675.068,223767081423.65,252948594871.014,270866670416.502,303145018429.824,325299938065.471,351944291743.714,379172676161.686,381256785317.009,403174649996.639,453165080077.567,412507683065.861,421377552194.314,420240987980.603,444158609380.855,..
Low & middle income,LMY,Adjusted savings: natural resources depletion (% of GNI),NY.ADJ.DRES.GN.ZS,..,..,..,..,..,..,..,..,..,..,0.793760603540593,0.954282402627289,1.18405270508271,1.74193216406573,4.68087576373325,4.1763466628706,4.60928408437981,4.867642343659,4.60642025726136,7.27669672079455,7.70523679036441,5.19479276732473,4.47472549908431,4.81184033880658,4.794008040204,4.82476567791757,2.61816249975792,3.5143071198329,3.09763522582283,4.05627311880016,4.35279022944692,2.95250879132426,2.8888505649713,2.64892150920519,2.33862648890037,2.4750347839124,2.61447599015934,2.20505834068835,1.44110931659983,2.04970231512819,3.3948199180314,2.88475353463088,2.86657532966457,3.11072526556215,3.92358473039749,4.78699796206204,5.09872499804482,4.92419479789259,6.1025322053023,3.31458719400288,4.13258083955585,5.18673466869075,3.9396923531894,3.32746951678481,2.85370727401357,1.59433317255477,1.40460710559822,1.69767109943735,2.18246683259257,1.83254046552736,1.22091454911728,2.5609922705942,..
Low & middle income,LMY,GNI (current US$),NY.GNP.MKTP.CD,344835497741.752,338247797549.522,340064426635.761,358534504820.175,418847607834.582,464205992101.933,469427585710.786,480320276703.483,506827033042.405,567209349571.615,621712310901.939,672026666084.994,755339195062.491,957519140191.796,1210697067025.25,1336988320385.75,1435274902800.96,1610127160080.85,1737176312125.42,2054932320640.78,2391403366053.59,2690737097993.59,2638673272877.96,2557987442102.45,2599219416531.86,2691886392883.08,2772888122744.88,2844320826591.38,3063502756504.19,3208102844537.53,3662857961202.34,3536772418987.12,3662588411596.82,3918191375979.89,4302773919868.47,4863252494040.87,5319704629699.13,5629118349605.82,5438895958470.22,5310865026491.55,5795997604030.94,5861085591066.85,6028179700106.1,6787177852302.25,8057874018353.61,9566398871466.51,11413922709187.8,14133034035439.1,16917930922806.2,16538176938713.5,20075074721747.1,23674068480848.9,25271617972987.2,26706560850063.9,27772121353186.2,26338091262571.6,26562288497810.2,29237837408593.6,30928301860409.6,31654575784776.9,30516423238155.3,35781392129221,..
Low & middle income,LMY,GNI (constant 2015 US$),NY.GNP.MKTP.KD,..,..,..,..,..,..,..,..,..,..,..,..,..,..,..,..,..,..,..,..,..,..,..,..,..,..,..,..,..,..,..,..,..,..,..,8438691594590.72,8882623850254.16,9362461236692.36,9669130265925.39,10067486698398.4,10634648404819,11109780186193.5,11648637037341.4,12404959833673.1,13338428132487.2,14289818299923,15598198439212.2,17088854384530.6,18165431187740.9,18761810836073.9,20193717649049.4,21466155513575.9,22681172420249.1,23876492252925.5,25233753763713.4,26338091262571.6,27542263601082.1,29000491343789.7,30360755457420.1,31677530944221.8,31252447335556.8,33302729730243.9,..
Low & middle income,LMY,GDP (constant 2015 US$),NY.GDP.MKTP.KD,1992389617272.96,2011140936676.76,2082305519156.04,2178324001968.52,2345211562297.61,2483491476408.99,2601686725151.13,2683478159955.48,2836571242602.49,3068587539133.42,3323789679878.5,3535996803300.63,3749919455865.76,4010511117847.59,4245955291495.51,4428982812268.28,4698875348092.1,4913104726606.95,5089903621675.18,5317629130265.26,5573820202186.94,5689431701669.85,5848580889388.25,5958791238907,6239897234706.11,6515368797866.29,6777378651555.73,7106102708343.71,7398493890249.52,7623917771494.67,7780281209940.71,7900593345605.08,8030497871376.08,8303082211427.23,8581748056290.78,8914238720042.31,9402251656008.37,9895803831597.56,10155110081365.7,10540925144264.5,11155355344524.8,11576270928223.6,12127484403726.1,12856959139264.7,13843099334817.8,14850958657362.3,16067284023492.7,17490905916811.1,18521616525509.1,19115762956406.5,20631600229862.2,21922522326554.9,23098422961018.1,24344376407925.5,25557997990094,26680395975090,27899058564870.5,29340187099346.4,30773828944246.9,32000913949042.8,31610642582365.9,33787943825015,..
Low & middle income,LMY,GDP (current US$),NY.GDP.MKTP.CD,340494857499.768,327558337732.268,336184190494.819,363535375554.098,407184322264.441,450262083551.906,466937500566.565,478480709506.948,505160053011.243,564873620926.911,619485289653.022,666943496216.15,746247027991.279,950297292572.372,1206945174319.57,1336106078787.83,1434390550065.52,1611875538644.29,1748563957710.83,2074307471866.95,2442522864829.28,2742896523671.04,2703788698756.79,2612766811081.16,2641393065702,2746155448112.9,2850405581457.57,2944562262657.46,3129895948601.24,3254191036232.63,3750910439095.65,3629519977384.63,3748476653369.32,4001226852927.43,4389187127818.46,4950534063010.97,5427590727358.86,5745719989191.65,5561948841756.36,5447028060692.96,5953472892853.36,6006918644552.17,6158590696536.8,6937796269156.62,8234094134927.86,9802487891227.9,11631555253710.2,14362827769940.2,17182977670452.3,16807898104881.8,20457042383182.1,24141827536843.1,25689242593449.4,27200540773585.9,28139724658674.5,26680395975090,26925490546357.4,29590946858707.3,31369907274849.6,32079765914807.5,30948393969161.3,36370594658882.7,..
Low & middle income,LMY,GDP growth (annual %),NY.GDP.MKTP.KD.ZG,..,0.941147215446449,3.5385179219151,4.61116209553137,7.66128271911211,5.89626609106028,4.75923714113347,3.14378491513432,5.70502435725237,8.17946304489996,8.31659965669903,6.38449311960943,6.04985424097242,6.94926024542208,5.87067749544805,4.3106323125768,6.09378151290676,4.55916283460951,3.59851672020717,4.47406327342448,4.81776870191221,2.07418781534332,2.79727740947639,1.88439472075557,4.71750032059639,4.41468108846443,4.02141247591763,4.85031269003279,4.11464897013786,3.04688879370755,2.05095914112128,1.54637258497358,1.64423759189249,3.39436414051926,3.35617350000499,3.87439320719515,5.47453294995159,5.24929765386351,2.62036570430109,3.79922088296061,5.82899690350827,3.7732153813044,4.76158064129741,6.01505399845783,7.67008889793719,7.28059012052033,8.19021447835853,8.86037672102464,5.89283718979516,3.20785407731066,7.92977647249889,6.25701391220358,5.36389297247428,5.39410612148772,4.98522353512969,4.39157239714578,4.56763307005727,5.16550954981182,4.88627369704959,3.98743038124678,-1.21956318903378,6.88787403475222,..
Low & middle income,LMY,GNI growth (annual %),NY.GNP.MKTP.KD.ZG,..,..,..,..,..,..,..,..,..,..,..,..,..,..,..,..,..,..,..,..,..,..,..,..,..,..,..,..,..,..,..,..,..,..,..,..,5.2606763819643,5.4019780025298,3.27551721155508,4.11987863972459,5.63359777282709,4.46777141366654,4.85029264411199,6.49280077924297,7.52496026855492,7.13270077992603,9.15603062144051,9.55659046862176,6.29987697820636,3.28304702580064,7.63202883499068,6.30115705607275,5.66015142257183,5.27009720013085,5.68450966921949,4.37642971869762,4.57198027945837,5.29450942677909,4.69048643867764,4.33709723938985,-1.34190890512733,6.56038988778486,..
Low & middle income,LMY,Adjusted net national income (annual % growth),NY.ADJ.NNTY.KD.ZG,..,..,..,..,..,..,..,..,..,..,..,..,..,..,..,..,..,..,..,..,..,..,..,..,..,..,..,..,..,..,..,..,..,..,..,..,0.179484381604667,4.17827561219184,-4.29845514707857,2.17076817363981,4.01588329326339,3.89892919460408,12.9894889026327,0.357833713484609,12.5005521712147,7.09348375226489,11.4889788986857,14.8660847778903,4.00915360537265,5.11922031806876,7.84324080738917,4.60057017648252,-24.5733788919129,4.19338163126994,5.20654055676606,4.1811056418787,4.75322627997376,5.15992158920481,3.29861047179352,3.69854473855307,-2.57552704344565,..,..
Low & middle income,LMY,Adjusted net national income (constant 2015 US$),NY.ADJ.NNTY.KD,..,..,..,..,..,..,..,..,..,..,..,..,..,..,..,..,..,..,..,..,..,..,..,..,..,..,..,..,..,..,..,..,..,..,..,10402191965332.4,10420862275254.7,10856274622281.8,10389622526999.3,10615157146176.7,11041449468563.7,11471947765401,12962095147303.6,13008477893714.6,14634609459499.3,15672713103716.3,17473347805053.8,20070950503288.8,20875625739023.9,21944295013380,23665438914763.3,24754184039609.6,18671244603954.9,19454201145506.6,20467092018142.3,21322842757241.4,22336365722816,23488904679991.4,24263712149475.2,25161116398557.2,24513085041279.5,..,..
Low & middle income,LMY,Adjusted net national income (current US$),NY.ADJ.NNTY.CD,..,..,..,..,..,..,..,..,..,..,446974164834.475,483269117062.942,540730707759.239,682515648082.342,836698199342.658,921102419575.955,980223107700.534,1093049006986.73,1180818689079,1352390493652.91,1574822816644.01,1826471909942.88,1801828890079.83,1736153731998.44,1763653623233.79,1827749979895.52,1919268637877.36,1946868598392.66,2112370960525.36,2252273695376.64,2602409267479.05,2710026034645.73,2939527806325.59,3187924455200.44,3557465387954.51,4027810606129.69,4479028057110.31,4758383060089.18,4629963659682.33,4520826509878.6,4882043256669.33,4929118872011.82,5066532897622.01,5678152193999.78,6684500456458.32,7868125075166.32,9364150263048.11,11609658568323.1,13619545238220,13575289786769.2,16277110385170.7,18800868695066.6,20173586861470.8,21302511103267.4,22158933106394.2,21178194973972.5,21399234258964.2,23517711354231.3,24503595802418.1,25077684641446.4,24035790335862.2,27710535699567.7,..
Least developed countries: UN classification,LDC,Adjusted savings: natural resources depletion (% of GNI),NY.ADJ.DRES.GN.ZS,..,..,..,..,..,..,..,..,..,..,..,..,..,..,..,..,..,..,..,..,4.98079774848601,4.88373730748962,6.68772593390957,4.9562479880771,4.36824323932509,3.97981100539491,4.6008332750773,4.86207623790789,4.85502203278077,5.59771744881394,6.96463011867638,5.75449830370541,6.70317556842068,5.90138791343477,8.2410055958475,9.77147307374321,9.0555304483218,8.14985255950447,7.16039643470067,5.78727495023795,6.92504254492139,6.41377774006322,6.93050971526153,8.28625799974438,8.29937726947638,10.1822734489524,10.9301970751108,12.3602706029803,13.9300973506509,8.38442347644797,9.3140504907235,10.6078673099175,8.79328113428256,7.81519806077444,6.78810289757382,4.90424269669382,4.70033816879335,4.83191635243938,4.84201970807905,3.99859181901246,3.61246025901819,5.80760051687942,..
Least developed countries: UN classification,LDC,GNI (current US$),NY.GNP.MKTP.CD,..,..,..,..,..,..,..,..,..,..,..,..,..,..,..,..,..,..,..,..,..,103063640274.66,100161029003.322,97717643517.7752,101034723942.027,105636867469.977,113777964255.084,125600246386.436,136873502029.839,150627654511.043,173471174570.457,184026707654.186,136705613114.605,137067743638.073,130764369261.927,151988327271.445,167968476481.206,177639746937.449,181069328806.657,185260220410.62,212189000156.236,206645673800.13,224434930207.816,251695514652.539,289968341173.191,340178004111.707,394679340128.579,474125556826.614,576523987751.622,592862434335.805,668011771251.875,778713879385.858,827313969134.11,898721118044.234,967844229947.022,942719212476.312,993726578241.473,1102859129421.77,1089667279227.58,1143682358728.9,1167186918524.59,1271923553207.77,..
Least developed countries: UN classification,LDC,GNI (constant 2015 US$),NY.GNP.MKTP.KD,..,..,..,..,..,..,..,..,..,..,..,..,..,..,..,..,..,..,..,..,..,..,..,..,..,..,..,..,..,..,..,..,..,..,..,..,..,..,..,..,..,..,473564028175.088,500181360170.801,528069215347.062,563653656832.071,603437293602.955,649645420119.523,686688736209.852,716431448655.979,745423108359.613,776640967192.468,805364839859.12,847743449534.262,899692776674.927,942719212476.312,988661546043.304,1031137406516.72,1073889936002.07,1124535116940.14,1138053895425.82,1162900654958.35,..
Least developed countries: UN classification,LDC,GDP (constant 2015 US$),NY.GDP.MKTP.KD,..,..,..,..,..,..,..,..,..,..,..,..,..,..,..,..,..,..,..,..,254730721192.576,262698914624.397,266758166365.987,272146542531.842,277210486657.821,280550722155.091,290856815330.461,304023894700.424,311136265922.561,318459268204.192,319683321598.557,326105996317.023,328796228603.82,329190213530.592,332342154575.09,351632354341.431,371264945216.349,393241499553.843,408828484971.202,425017613404.313,443244001438.292,466590608844.131,489934911928.812,514655691981.319,547226023263.261,587512351258.757,627915225690.86,673341996773.35,716016103820.108,744027867517.209,790264317900.619,813968797576.963,831014115896.593,877699778934.982,927088209257.504,949198355122.651,989972452861.183,1033866811855.43,1080334794127.37,1134175328918.63,1144503252260.94,1167630055593.07,..
Least developed countries: UN classification,LDC,GDP (current US$),NY.GDP.MKTP.CD,..,..,..,..,..,..,..,..,..,..,..,..,..,..,..,..,..,..,..,..,113436995892.264,113022548790.38,111731864798.088,106476556585.926,106365840459.204,111450459520.482,119886756049.63,131848436566.576,145171271733.329,156827075734.362,181986504161.523,195173034089.115,147181941621.746,147455795498.405,136424482823.025,156246801336.475,172274191683.615,181205989809.313,184337627332.887,189241037684.12,217125342668.225,212160515147.334,230152682028.131,258272134158.422,298622847479.066,353061167470.322,409414540157.78,491425783070.303,599706821551.265,603545376459.353,685626309675.338,796496321434.976,836833047274.676,912226234347.444,980969667648.589,949198355122.651,996514857122.369,1114130222166.5,1098537349148.7,1153041256783.79,1176576556341.41,1280907562189.61,..
Least developed countries: UN classification,LDC,GDP growth (annual %),NY.GDP.MKTP.KD.ZG,..,..,..,..,..,..,..,..,..,..,..,..,..,..,..,..,..,..,..,..,..,3.12808498107975,1.54521070153437,2.01994796982574,1.86074167206687,1.20494557674984,3.67352224089889,4.52699702257391,2.33941191666706,2.35363185963485,0.384367332521833,2.00907406941022,0.824956399814639,0.119826473814939,0.957483216372907,5.80431928384282,5.58327202617296,5.9193723028947,3.96371833467315,3.95988269610213,4.28838416553809,5.26721339264186,5.00316608225597,5.04572739166187,6.32856719344784,7.36191743134917,6.8769404329183,7.234538871471,6.33765712687642,3.91216950954751,6.21434389785691,2.9995634548345,2.09409972106683,5.61791456310212,5.62703005148877,2.38490206696231,4.29563510287201,4.43389701070829,4.49458109488472,4.98368978615986,0.910610827000951,2.02068480683234,..
Least developed countries: UN classification,LDC,GNI growth (annual %),NY.GNP.MKTP.KD.ZG,..,..,..,..,..,..,..,..,..,..,..,..,..,..,..,..,..,..,..,..,..,..,..,..,..,..,..,..,..,..,..,..,..,..,..,..,..,..,..,..,..,..,..,5.62064059178751,5.57554867033394,6.73859419387317,7.05817061393373,7.6574860397959,5.70208223487715,4.33132376836274,4.046676029929,4.18793816327383,3.69847508437364,5.26203871559083,6.12795382485174,4.78234758762885,4.87338466841176,4.29629944073491,4.14615251227981,4.71604949820205,1.20216596903258,2.18326738587649,..
Least developed countries: UN classification,LDC,Adjusted net national income (annual % growth),NY.ADJ.NNTY.KD.ZG,..,..,..,..,..,..,..,..,..,..,..,..,..,..,..,..,..,..,..,..,..,..,..,..,..,..,..,..,..,..,..,..,..,..,..,..,..,..,..,..,..,..,..,4.823283635243,5.9308502515951,7.37065831782067,8.42132305212056,4.4773010585704,1.68732900547562,8.07558122265262,6.49730659906453,6.48573043470971,-91.5506576469685,-1.3228338568527,7.29920848105165,7.92064613596131,5.48096850889861,1.78893706997884,8.83367465021621,6.29161431294681,-0.571011380190384,..,..
Least developed countries: UN classification,LDC,Adjusted net national income (constant 2015 US$),NY.ADJ.NNTY.KD,..,..,..,..,..,..,..,..,..,..,..,..,..,..,..,..,..,..,..,..,..,..,..,..,..,..,..,..,..,..,..,..,..,..,..,..,..,..,..,..,..,..,4962861693734.05,5202234589647.67,5510771332896.35,5916951458520.56,6415237055679.73,6702466532283.48,6815559194165,7365955212667.76,7844543906784.56,8353319878411.05,705800594370.784,696464025146.58,747300386337.553,806491405512.022,850694945475.11,865913342707.15,942405310154.711,1001697817534.38,995978009001.136,..,..
Least developed countries: UN classification,LDC,Adjusted net national income (current US$),NY.ADJ.NNTY.CD,..,..,..,..,..,..,..,..,..,..,..,..,..,..,..,..,..,..,..,..,..,..,..,..,..,96172895523.569,101462457679.738,110183252494.812,118373661101.417,123674083638.068,132166383967.777,136543722226.7,122900908175.764,122255419134.846,110030380755.278,126217171236.403,145918151047.811,153902386567.604,158680602873.615,166136639937.971,187591909347.082,180433308356.779,193829612657.029,213352022042.916,244225203800.781,277351654732.294,313642310924.039,364849427962.907,440072277645.091,488663322112.331,538017794603.207,627294157768.622,677977407236.436,748018151397.725,817792620560.676,816251352006.171,863455319527.859,956268275333.488,946251545033.245,1030133692792.25,1056493350735.49,1123793893073.95,..
High income,HIC,Adjusted savings: natural resources depletion (% of GNI),NY.ADJ.DRES.GN.ZS,..,..,..,..,..,..,..,..,..,..,0.323906497960077,0.324803431383242,0.364881453214753,0.480655428958202,1.70301876214851,1.40645834530466,1.48184117917127,1.45737382393818,1.20082218927121,2.42706189128323,2.69036360917439,2.08061026415057,1.11324922022531,1.3061435394661,1.24738950625317,1.10888692471077,0.432637901832512,0.547323694782258,0.422376700283973,0.512609507216007,0.601025216906936,0.398114752154694,0.41201237547835,0.422840808050406,0.371278784329722,0.357329371890907,0.483979140163913,0.43551561410098,0.241412047256082,0.340941356466898,0.71911805279987,0.574893517761736,0.471756288041193,0.63133444604746,0.700819065555006,0.9219107936706,0.856635269844605,0.829525326760209,1.13937720012353,0.547080750411062,0.696914680967249,0.972804979608798,0.873772491709582,0.838905127757435,0.761597877882806,0.378488634916543,0.345616632462958,0.427297754594603,0.60429418653979,0.547491246537139,0.366086424138213,0.848702667907221,..
High income,HIC,GNI (current US$),NY.GNP.MKTP.CD,1052561597817.59,1116639624493.27,1212069805478.32,1307072622282.66,1426537045652.43,1552243869646.17,1704316644292.21,1832672423680.37,2007855467967.07,2210509745447.08,2406045285198.82,2666069008489.62,3097045305526.89,3749716759271.97,4227011776607.9,4716070899788.32,5128215990679.98,5801938176025.21,6952761516521.47,8017969492936.74,8951032623088.42,9089164842778.56,9032083662382.19,9305641523766.5,9731818982413.16,10204373328454.1,12365357940927.5,14375890365336.4,16261175114959.1,16940549767625.2,18943265650549.9,20046921615028.1,21562822166696.2,21729415599953.1,23415491894955,25952202355498.1,26209692557448,25824963415030.9,25993316015450.8,27302280651817.2,27962239298714.6,27693327206119.4,28780102911434.2,32203228143008.4,35898480726621.4,38018789131684.2,40278797859511.5,43810241535193,46419067461209.1,43611802835438.6,45951689125789.8,49726665005025.9,49927284578322.7,50477630597131.1,51697823354078.8,48745628541874.1,49673380389828.1,52045165078295.1,55286622746729.9,55775346330202.1,54373272345723.9,60295623282803.8,..
High income,HIC,GNI (constant 2015 US$),NY.GNP.MKTP.KD,..,..,..,..,..,..,..,..,..,..,15068844160308.2,15593518195733.2,16420682211085.5,17446475559085.3,17564910739488.3,17511609651262.1,18367060398901.4,19070061151861.7,19925283764264.8,20715422915979.8,20885294012266.4,21219910807819.5,21255686522808.7,21971272551556.8,23025551019929.5,23860842361378.9,24637312232040.5,25555793019448.3,26771641323414.1,27818782839372.1,28610429148473,28990029172027.4,29631172223837.7,30007436034216.2,30942562644058.2,31841598588135,32836226819490.7,33970197955489.9,34926843091068.8,36196935760446,37693977574384.7,38224709479550.6,38732290196558,39603027967081.9,40983141316529.7,42186458450267.6,43413957680306.7,44522545459650.6,44629949083719.6,43231281225563.4,44630767911024.2,45476094882987.2,46055745823173.9,46729689135641.8,47679748091948.8,48745628541874.1,49616538860367,50885681744305.5,52059307014863.3,53004568844815.4,50539626606665.1,53553199276789.6,..
High income,HIC,GDP (constant 2015 US$),NY.GDP.MKTP.KD,8807071929095.09,9191362314894.59,9711971480495.37,10226276817475.4,10875442399620.5,11471649085627.5,12148403196580.2,12676836239306,13435948493906.6,14156015038914.9,14596022308296.6,15162586644773.1,16001520143344.8,17010105340127.6,17181155318415,17161813806146.5,18043280396593.1,18765242697814.8,19563191714740.9,20367707961074.5,20622256553542.3,21014269021956.8,20985434630119.3,21577885436017.7,22584449247823.9,23382995196972.1,24156985671076.5,24996050235541.4,26187244398935.5,27215303816091.6,28059015827044.2,28461659645739.6,29085405700371.3,29480326912088.5,30450426912093.9,31322823427624.6,32276500162900.5,33395978194718.4,34357017731627.6,35552806856976.2,37019640741659.1,37567011442207.9,38148971862083.1,38983395002272.6,40315731233870.9,41477343163829.7,42751743965994.3,43906588329632.9,44147298767167.8,42712612484823.9,44004419403798.4,44853269180143.3,45486101559998.2,46166107863181.6,47131734557328.9,48246432350954.1,49129890244776.2,50297390619573.3,51481556841799.1,52386768723807.9,50150351115437.8,52776246144404.7,..
High income,HIC,GDP (current US$),NY.GDP.MKTP.CD,1069412103268.12,1132019012725.28,1221985183709.62,1316377852037.61,1436851655161,1560359525068.66,1711719985102.08,1836531437818.01,1991581297634.48,2191149577453.34,2393886836033.61,2657638024756.01,3082808317510.59,3730068874463.97,4205658086979.18,4692778715714.74,5113634042484.28,5790905935900.86,6939058243167.39,8023021744700.2,8961142347078.07,9097109095643.48,9012586613575.61,9305579844997.68,9706803680733.16,10192296975380.7,12375608763280.1,14343425094003.9,16148904789749,16897595522758.1,18982696446957.7,20074172192035.8,21592324046030.5,21758968981377.3,23422833393967.4,26013294016300.8,26237144488763.3,25790444590341.8,25887094738698.5,27193242102239.6,27762354067016.1,27487710698061.1,28659649354934.8,32123306235188.1,35769583802149.6,37829451127901.2,39959351613416.9,43751995211811.9,46619256262766.2,43664133193654.4,45753889245580,49398150774367.7,49429396798990.5,50034666538644.1,51110586217074.2,48246432350954.1,49279729450061.9,51538132153372.6,54799160857050.5,55272928209105.5,53874554655356.4,59829674153980.1,..
High income,HIC,GDP growth (annual %),NY.GDP.MKTP.KD.ZG,..,4.36342962670668,5.66411319415762,5.29558121142439,6.34801495922576,5.48213731542309,5.89936203505921,4.34981482072061,5.98818380446468,5.35925353788684,3.10827071158153,3.88163517778746,5.53291808466494,6.3030586328529,1.00557859500059,-0.112573991155003,5.13620879706136,4.00128072807658,4.25227123238341,4.11239770107387,1.24976552567526,1.90091936542782,-0.137213394419419,2.82315242138517,4.66479356742708,3.53582210655492,3.31005702043079,3.47338271376132,4.76552956234811,3.92580220161622,3.100138130568,1.43498910003608,2.19153086079788,1.35779853231401,3.29066907194857,2.86497302008004,3.04467040616395,3.4683996906973,2.87771039765839,3.48047998429111,4.12578925366924,1.47859538769875,1.54912620816378,2.18727556592117,3.41770189979778,2.88128701726946,3.07252274363594,2.70128012685798,0.54823307091813,-3.24977138445192,3.02441560893402,1.92901028543413,1.41089466034978,1.49497600335444,2.09163548508154,2.36506847052118,1.83113621209488,2.37635453484688,2.35432933525775,1.75832266454287,-4.26905049280839,5.23604515334794,..
High income,HIC,GNI growth (annual %),NY.GNP.MKTP.KD.ZG,..,..,..,..,..,..,..,..,..,..,..,3.48184658254735,5.30453746851447,6.24695938215802,0.678848745134445,-0.303452087042999,4.88504920264472,3.82750825495393,4.48463487134434,3.96551015816465,0.820022342655506,1.60216463965781,0.168595029984701,3.36656276888651,4.79844062695388,3.62767145388368,3.25415950913114,3.72800725483897,4.75762306824336,3.91138333024887,2.84572590278984,1.32678898867442,2.21159850514721,1.26982424973309,3.11631626499427,2.90549930986211,3.12367555480206,3.45341485863426,2.81613058844219,3.63643706952155,4.13582471136829,1.4080018594976,1.32788639578514,2.24809265371375,3.48486825450559,2.93612713687384,2.90969964090758,2.55352849308818,0.241234239777228,-3.13392214616374,3.2372084420975,1.89404532238444,1.27462778340623,1.4633208092111,2.03309496356638,2.23549933164458,1.78664291454311,2.5579028950613,2.30639588647956,1.81574032416955,-4.65043352275362,5.9627917190173,..
High income,HIC,Adjusted net national income (annual % growth),NY.ADJ.NNTY.KD.ZG,..,..,..,..,..,..,..,..,..,..,..,3.5033853960884,5.47736321007974,5.59604834388693,-2.31860152502722,0.351776082112593,4.7468901264379,3.23617082948134,4.90554019334222,1.29060983254436,-0.796390776725701,1.6178990526281,1.41967651358775,2.52164092711482,5.12870239839469,3.94953763179477,4.37453756966167,3.67903283723746,5.63162611571887,3.02274992888844,2.60529560859356,1.37929833286621,2.14501629089349,0.93362313502206,3.43690167959119,3.40993618464347,3.35539891903981,3.9501217078856,3.62765776535842,3.13284544046199,3.47029978275046,1.34209242533913,1.86907125099421,1.61321944119541,3.58917174796278,2.88503079559703,3.22612786602032,1.81730164339049,-1.93977866431125,-2.89226205138333,4.12102531945659,1.84782733072043,1.79682932327529,1.45377072977675,2.28967039835109,2.8662749203108,1.4652689561111,2.77253848027479,1.75957872160002,1.79891201252764,-5.28326793217518,..,..
High income,HIC,Adjusted net national income (constant 2015 US$),NY.ADJ.NNTY.KD,..,..,..,..,..,..,..,..,..,..,13066008641501.8,13523761280099.9,14264506805075.1,15062755501904.1,14713510223125.8,14765268832930,15466159921302.4,15966671277116.5,16749922754154.3,16966098904163,16830982457320,17103290763045,17346102165058.6,17783508576511.9,18695571807394.2,19433960451406.4,20284106352626.4,21030365286079.7,22214716829761.6,22886212166936,23482465647494.6,23806358904686.3,24317009181460.4,24544038404924,25387592873102.3,26253293588892.2,27134196318186.3,28206030097211.2,29229248338332,30144955512180.8,31191075837830.2,31609688904031.5,32200496511865.5,32719961181756.3,33894336784436.3,34872198838630.7,35997220562857.8,36651398643721.5,35940442632658.9,34900950849295.3,36339227870525.9,37010714054890.3,37675733417782.1,38223452202438.5,39098643272745.6,40219317879054.1,40808639058295.5,41940074279463.2,42678042902307.9,43445783342789.2,41150426203557.3,..,..
High income,HIC,Adjusted net national income (current US$),NY.ADJ.NNTY.CD,..,..,..,..,..,..,..,..,..,..,2114712570157.41,2338473843798.34,2712477581442.39,3277572879090.26,3618564553015.2,4031939217892.29,4390482869285.64,4959272500203.29,5963853115826.31,6750197965234.08,7456646618707.77,7581893675937.62,7570925781452.93,7786971192777.77,8177218045603.42,8583685186537.01,10456235846131.8,12114193193249.9,13722236466959.2,14239880922470,15894190180608.9,16766236168897.4,17992483993094.5,18012163651800.7,19425904141742.2,21564816893841.3,21810442192771.5,21509544496513,21733876613746.3,22745437809425.3,23163595214836.1,22980461236355.6,23907876533022.6,26766243731317.3,29883942119956.3,31563838364067,33481896229289,36381834759064.1,38134735358078.5,35688866635841.1,37772764350593.5,40791765847534.6,41006328275870.4,41507061268741.9,42566165566994.7,40248019026347,40990777243437.5,42942291691386.1,45540760388937.9,45873021937067,44300181813081.5,48853807392745.6,..
,,,,,,,,,,,,,,,,,,,,,,,,,,,,,,,,,,,,,,,,,,,,,,,,,,,,,,,,,,,,,,,,,,
,,,,,,,,,,,,,,,,,,,,,,,,,,,,,,,,,,,,,,,,,,,,,,,,,,,,,,,,,,,,,,,,,,
,,,,,,,,,,,,,,,,,,,,,,,,,,,,,,,,,,,,,,,,,,,,,,,,,,,,,,,,,,,,,,,,,,
Data from database: World Development Indicators,,,,,,,,,,,,,,,,,,,,,,,,,,,,,,,,,,,,,,,,,,,,,,,,,,,,,,,,,,,,,,,,,,
Last Updated: 05/10/2023,,,,,,,,,,,,,,,,,,,,,,,,,,,,,,,,,,,,,,,,,,,,,,,,,,,,,,,,,,,,,,,,,,
